asap0_id,name0_shr,item,option1,option2,option3
29,Sudan,Wheat,FAO GYF - Wheat,FAO GYF - Multiple WC,FAO GYF - Multiple ASAP
1,Chile,Wheat,FAO GYF - Wheat,FAO GYF - Multiple WC,FAO GYF - Multiple ASAP
132,Cambodia,Wheat,FAO GYF - Multiple WC,FAO GYF - Wheat,FAO GYF - Multiple ASAP
145,Russian Federation,Wheat,FAO GYF - Multiple WC,FAO GYF - Wheat,FAO GYF - Multiple ASAP
96,Eritrea,Wheat,FAO GYF - Wheat,FAO GYF - Multiple WC,FAO GYF - Multiple ASAP
61,Central Africa,Wheat,FAO GYF - Multiple WC,FAO GYF - Wheat,FAO GYF - Multiple ASAP
121,Tunisia,Wheat,FAO GYF - Wheat,FAO GYF - Multiple WC,FAO GYF - Multiple ASAP
13,Kyrgyzstan,Wheat,FAO GYF - Multiple WC,FAO GYF - Wheat,FAO GYF - Multiple ASAP
88,South Sudan,Wheat,FAO GYF - Multiple WC,FAO GYF - Wheat,FAO GYF - Multiple ASAP
142,Congo,Wheat,FAO GYF - Multiple WC,FAO GYF - Wheat,FAO GYF - Multiple ASAP
27,Tajikistan,Wheat,FAO GYF - Multiple WC,FAO GYF - Wheat,FAO GYF - Multiple ASAP
185,Ethiopia,Wheat,FAO GYF - Multiple WC,FAO GYF - Wheat,FAO GYF - Multiple ASAP
183,Indonesia,Wheat,FAO GYF - Multiple WC,FAO GYF - Wheat,FAO GYF - Multiple ASAP
85,Azerbaijan,Wheat,FAO GYF - Multiple WC,FAO GYF - Wheat,FAO GYF - Multiple ASAP
105,Algeria,Wheat,FAO GYF - Multiple WC,FAO GYF - Wheat,FAO GYF - Multiple ASAP
135,Cameroon,Wheat,FAO GYF - Wheat,FAO GYF - Multiple WC,FAO GYF - Multiple ASAP
70,Moldova,Wheat,FAO GYF - Wheat,FAO GYF - Multiple WC,FAO GYF - Multiple ASAP
91,Uruguay,Wheat,FAO GYF - Wheat,FAO GYF - Multiple WC,FAO GYF - Multiple ASAP
98,Georgia,Wheat,FAO GYF - Wheat,FAO GYF - Multiple WC,FAO GYF - Multiple ASAP
108,Bolivia,Wheat,FAO GYF - Multiple WC,FAO GYF - Wheat,FAO GYF - Multiple ASAP
115,Ukraine,Wheat,FAO GYF - Wheat,FAO GYF - Multiple WC,FAO GYF - Multiple ASAP
178,Paraguay,Wheat,FAO GYF - Wheat,FAO GYF - Multiple WC,FAO GYF - Multiple ASAP
41,Laos,Wheat,FAO GYF - Multiple WC,FAO GYF - Wheat,FAO GYF - Multiple ASAP
166,Argentina,Wheat,FAO GYF - Wheat,FAO GYF - Multiple WC,FAO GYF - Multiple ASAP
35,Cuba,Wheat,FAO GYF - Multiple WC,FAO GYF - Wheat,FAO GYF - Multiple ASAP
112,Côte d'Ivoire,Wheat,FAO GYF - Multiple WC,FAO GYF - Wheat,FAO GYF - Multiple ASAP
219,Burkina Faso,Wheat,FAO GYF - Multiple WC,FAO GYF - Wheat,FAO GYF - Multiple ASAP
220,Armenia,Wheat,FAO GYF - Multiple WC,FAO GYF - Wheat,FAO GYF - Multiple ASAP
20,Bangladesh,Wheat,FAO GYF - Multiple WC,FAO GYF - Wheat,FAO GYF - Multiple ASAP
43,Djibouti,Wheat,FAO GYF - Multiple WC,FAO GYF - Wheat,FAO GYF - Multiple ASAP
50,Uzbekistan,Wheat,FAO GYF - Multiple WC,FAO GYF - Wheat,FAO GYF - Multiple ASAP
51,Madagascar,Wheat,FAO GYF - Wheat,FAO GYF - Multiple WC,FAO GYF - Multiple ASAP
67,Afghanistan,Wheat,FAO GYF - Multiple ASAP,FAO GYF - Multiple WC,FAO GYF - Wheat
52,El Salvador,Wheat,FAO GYF - Multiple WC,FAO GYF - Wheat,FAO GYF - Multiple ASAP
79,Egypt,Wheat,FAO GYF - Multiple WC,FAO GYF - Wheat,FAO GYF - Multiple ASAP
68,Haiti,Wheat,FAO GYF - Multiple WC,FAO GYF - Wheat,FAO GYF - Multiple ASAP
78,Iraq,Wheat,FAO GYF - Wheat,FAO GYF - Multiple WC,FAO GYF - Multiple ASAP
81,Myanmar,Wheat,FAO GYF - Wheat,FAO GYF - Multiple WC,FAO GYF - Multiple ASAP
83,Ecuador,Wheat,FAO GYF - Multiple WC,FAO GYF - Wheat,FAO GYF - Multiple ASAP
122,Turkmenistan,Wheat,FAO GYF - Multiple WC,FAO GYF - Wheat,FAO GYF - Multiple ASAP
93,Nicaragua,Wheat,FAO GYF - Multiple WC,FAO GYF - Wheat,FAO GYF - Multiple ASAP
100,Honduras,Wheat,FAO GYF - Multiple WC,FAO GYF - Wheat,FAO GYF - Multiple ASAP
134,Viet Nam,Wheat,FAO GYF - Multiple WC,FAO GYF - Wheat,FAO GYF - Multiple ASAP
111,Zambia,Wheat,FAO GYF - Wheat,FAO GYF - Multiple WC,FAO GYF - Multiple ASAP
160,Liberia,Wheat,FAO GYF - Multiple WC,FAO GYF - Wheat,FAO GYF - Multiple ASAP
192,Colombia,Wheat,FAO GYF - Wheat,FAO GYF - Multiple WC,FAO GYF - Multiple ASAP
141,South Africa,Wheat,FAO GYF - Wheat,FAO GYF - Multiple WC,FAO GYF - Multiple ASAP
117,Guatemala,Wheat,FAO GYF - Multiple WC,FAO GYF - Wheat,FAO GYF - Multiple ASAP
126,Philippines,Wheat,FAO GYF - Multiple WC,FAO GYF - Wheat,FAO GYF - Multiple ASAP
128,Iran,Wheat,FAO GYF - Wheat,FAO GYF - Multiple WC,FAO GYF - Multiple ASAP
129,Namibia,Wheat,FAO GYF - Wheat,FAO GYF - Multiple WC,FAO GYF - Multiple ASAP
133,Lesotho,Wheat,FAO GYF - Wheat,FAO GYF - Multiple WC,FAO GYF - Multiple ASAP
161,North Korea,Wheat,FAO GYF - Wheat,FAO GYF - Multiple WC,FAO GYF - Multiple ASAP
140,Sri Lanka,Wheat,FAO GYF - Multiple WC,FAO GYF - Wheat,FAO GYF - Multiple ASAP
148,Malawi,Wheat,FAO GYF - Wheat,FAO GYF - Multiple WC,FAO GYF - Multiple ASAP
156,Somalia,Wheat,FAO GYF - Wheat,FAO GYF - Multiple WC,FAO GYF - Multiple ASAP
188,Kazakhstan,Wheat,FAO GYF - Wheat,FAO GYF - Multiple WC,FAO GYF - Multiple ASAP
196,Equat. Guinea,Wheat,FAO GYF - Multiple WC,FAO GYF - Wheat,FAO GYF - Multiple ASAP
163,Kenya,Wheat,FAO GYF - Wheat,FAO GYF - Multiple WC,FAO GYF - Multiple ASAP
164,Yemen,Wheat,FAO GYF - Multiple WC,FAO GYF - Wheat,FAO GYF - Multiple ASAP
165,Timor-Leste,Wheat,FAO GYF - Multiple WC,FAO GYF - Wheat,FAO GYF - Multiple ASAP
77,Botswana,Wheat,FAO GYF - Wheat,FAO GYF - Multiple WC,FAO GYF - Multiple ASAP
176,Libya,Wheat,FAO GYF - Wheat,FAO GYF - Multiple WC,FAO GYF - Multiple ASAP
180,Guinea-Bissau,Wheat,FAO GYF - Multiple WC,FAO GYF - Wheat,FAO GYF - Multiple ASAP
92,Angola,Wheat,FAO GYF - Multiple WC,FAO GYF - Wheat,FAO GYF - Multiple ASAP
189,Thailand,Wheat,FAO GYF - Wheat,FAO GYF - Multiple WC,FAO GYF - Multiple ASAP
190,Nepal,Wheat,FAO GYF - Wheat,FAO GYF - Multiple WC,FAO GYF - Multiple ASAP
199,Pakistan,Wheat,FAO GYF - Multiple WC,FAO GYF - Wheat,FAO GYF - Multiple ASAP
33,Mozambique,Wheat,FAO GYF - Multiple WC,FAO GYF - Wheat,FAO GYF - Multiple ASAP
206,Peru,Wheat,FAO GYF - Multiple WC,FAO GYF - Wheat,FAO GYF - Multiple ASAP
212,Chad,Wheat,FAO GYF - Wheat,FAO GYF - Multiple WC,FAO GYF - Multiple ASAP
209,Uganda,Wheat,FAO GYF - Wheat,FAO GYF - Multiple WC,FAO GYF - Multiple ASAP
82,Senegal,Wheat,FAO GYF - Multiple WC,FAO GYF - Wheat,FAO GYF - Multiple ASAP
218,Zimbabwe,Wheat,FAO GYF - Wheat,FAO GYF - Multiple WC,FAO GYF - Multiple ASAP
221,Syria,Wheat,FAO GYF - Multiple WC,FAO GYF - Wheat,FAO GYF - Multiple ASAP
66,Ghana,Wheat,FAO GYF - Multiple WC,FAO GYF - Wheat,FAO GYF - Multiple ASAP
118,Togo,Wheat,FAO GYF - Multiple WC,FAO GYF - Wheat,FAO GYF - Multiple ASAP
155,Nigeria,Wheat,FAO GYF - Multiple WC,FAO GYF - Wheat,FAO GYF - Multiple ASAP
168,Sierra Leone,Wheat,FAO GYF - Multiple WC,FAO GYF - Wheat,FAO GYF - Multiple ASAP
193,Guinea,Wheat,FAO GYF - Multiple WC,FAO GYF - Wheat,FAO GYF - Multiple ASAP
59,Mali,Wheat,FAO GYF - Wheat,FAO GYF - Multiple WC,FAO GYF - Multiple ASAP
195,Benin,Wheat,FAO GYF - Multiple WC,FAO GYF - Wheat,FAO GYF - Multiple ASAP
80,Niger,Wheat,FAO GYF - Wheat,FAO GYF - Multiple WC,FAO GYF - Multiple ASAP
131,Gambia,Wheat,FAO GYF - Multiple WC,FAO GYF - Wheat,FAO GYF - Multiple ASAP
74,Tanzania,Wheat,FAO GYF - Wheat,FAO GYF - Multiple WC,FAO GYF - Multiple ASAP
90,Mauritania,Wheat,FAO GYF - Wheat,FAO GYF - Multiple WC,FAO GYF - Multiple ASAP
210,Eswatini,Wheat,FAO GYF - Wheat,FAO GYF - Multiple WC,FAO GYF - Multiple ASAP
179,Rwanda,Wheat,FAO GYF - Wheat,FAO GYF - Multiple WC,FAO GYF - Multiple ASAP
157,D.R. Congo,Wheat,FAO GYF - Wheat,FAO GYF - Multiple WC,FAO GYF - Multiple ASAP
150,Burundi,Wheat,FAO GYF - Wheat,FAO GYF - Multiple WC,FAO GYF - Multiple ASAP
120,Morocco,Wheat,FAO GYF - Wheat,FAO GYF - Multiple WC,FAO GYF - Multiple ASAP
