year,y_true,y_pred,R2,NRMSE,rRMSE,NMAE,nME
1984,"[1187.2, 2166.2, 961.3, 148.5, 4455.4, 1329.4, 1721.1, 929.4, 1065.7, 680.0, 991.3, 1191.1, 1139.0, 1087.0, 3140.7, 1434.5, 1198.8, 1713.4, 1055.8, 807.7, 1790.0, 832.6]","[1545.14990234375, 2013.2064208984375, 1227.642822265625, 351.13702392578125, 4688.86962890625, 1065.0396728515625, 2213.317138671875, 924.25927734375, 1237.4970703125, 644.76708984375, 2342.498046875, 1202.112548828125, 1268.965576171875, 1221.495849609375, 3813.562744140625, 1761.60302734375, 1611.38330078125, 1841.689453125, 1030.125244140625, 975.4517822265625, 1559.8433837890625, 1793.2918701171875]",0.7511956055751116,0.31249865466345017,31.249865466345017,0.21704070755838936,-0.17104337556159876
1985,"[1239.8, 1954.4, 1008.6, 181.6, 4584.6, 1621.4, 1928.9, 906.1, 1117.1, 782.2, 1875.6, 1183.5, 1173.5, 1067.0, 3562.9, 1698.7, 1218.2, 1774.4, 1111.1, 889.0, 2022.0, 2163.7]","[1008.6438598632812, 2162.584228515625, 1136.9595947265625, 286.8124084472656, 4647.44970703125, 979.697265625, 1602.88671875, 1006.3585205078125, 1032.4951171875, 760.6216430664062, 1581.877197265625, 1070.7557373046875, 1079.0391845703125, 1295.0194091796875, 3354.25634765625, 1516.834716796875, 1482.2120361328125, 1780.6243896484375, 938.3636474609375, 823.6043701171875, 1274.5439453125, 1160.575439453125]",0.8648491182929258,0.214415232622333,21.4415232622333,0.1508179288837868,0.08789807625935384
1986,"[1406.7, 1696.0, 1184.5, 409.1, 4990.3, 973.7, 2091.1, 645.4, 1148.2, 708.9, 1780.9, 1084.9, 1267.9, 1072.0, 3745.0, 1701.3, 1130.5, 1883.8, 1111.1, 854.3, 1431.2, 1937.3]","[1651.153076171875, 1664.583251953125, 1172.7159423828125, 126.05919647216797, 4610.046875, 998.6348266601562, 1710.0631103515625, 1060.0816650390625, 1254.1259765625, 800.579833984375, 1800.928466796875, 1280.718017578125, 1402.9635009765625, 1105.171875, 3434.087890625, 1811.796875, 1199.8709716796875, 1765.7039794921875, 1011.9253540039062, 808.7537231445312, 1569.7657470703125, 1564.749267578125]",0.9558597789357473,0.13545786533242024,13.545786533242024,0.1056224580857799,0.013126036780328516
1987,"[1442.6, 2073.8, 1090.7, 606.5, 4757.1, 916.3, 1744.7, 765.2, 1161.7, 666.4, 1558.4, 1016.4, 1353.3, 1140.0, 3189.7, 1804.6, 1483.9, 1963.3, 1000.0, 707.5, 1238.5, 917.3]","[1401.3209228515625, 1764.5958251953125, 1150.3875732421875, 418.00732421875, 5116.48583984375, 1176.0054931640625, 1787.7484130859375, 1063.93798828125, 1223.9698486328125, 933.1129150390625, 1891.5711669921875, 1411.292236328125, 1381.0877685546875, 1478.812744140625, 3584.9228515625, 1752.1005859375, 1150.3525390625, 1938.38671875, 1098.30078125, 990.3480834960938, 1423.9544677734375, 611.00146484375]",0.9258746112552447,0.16843628314349818,16.843628314349818,0.14302371596106936,-0.0659491424983233
1988,"[1344.0, 2113.7, 1390.7, 232.2, 4965.0, 881.6, 2687.4, 1109.9, 1182.3, 922.1, 1619.5, 1171.8, 1640.1, 1288.2, 3774.4, 1902.0, 1800.0, 1953.1, 952.0, 871.2, 1287.0, 1806.6]","[1223.3076171875, 2084.504638671875, 1171.07666015625, 421.81890869140625, 4891.0400390625, 1147.3304443359375, 1486.466796875, 859.5787353515625, 1343.8990478515625, 1383.65771484375, 2198.981689453125, 1238.451171875, 1095.3619384765625, 1540.397705078125, 2561.410400390625, 1538.6903076171875, 1080.872802734375, 1858.6087646484375, 891.6317749023438, 878.313232421875, 1274.2891845703125, 1272.036865234375]",0.7747040294302818,0.28538655790947887,28.538655790947885,0.20113873469084737,0.09359241843214525
1989,"[1443.8, 2130.1, 1261.0, 377.9, 5380.4, 1091.7, 1807.8, 1073.4, 1225.8, 1047.6, 2840.5, 1187.8, 1395.0, 1269.2, 2910.3, 1988.9, 1187.5, 2103.3, 984.5, 885.3, 1018.8, 1707.9]","[1774.4068603515625, 2055.23828125, 1207.722412109375, 377.1678466796875, 4791.10302734375, 1016.1078491210938, 1728.2945556640625, 943.9963989257812, 1430.6416015625, 891.5328369140625, 1617.8829345703125, 1263.151123046875, 1514.97265625, 1592.483154296875, 3517.509765625, 1717.6673583984375, 1347.8907470703125, 2088.037109375, 954.049560546875, 959.2789916992188, 1187.6153564453125, 1718.983154296875]",0.8811017201607072,0.21153033255850048,21.153033255850048,0.13144356842232172,0.017147360668998742
1990,"[1815.3, 2138.3, 1188.9, 289.9, 5780.3, 1060.2, 1431.6, 965.3, 1335.8, 1100.0, 2205.1, 999.3, 1130.1, 1327.5, 3460.8, 2199.1, 1025.2, 2132.3, 1017.9, 895.4, 1240.3, 1720.6]","[1669.086181640625, 2161.084228515625, 1292.044677734375, 302.9504089355469, 5502.46435546875, 1548.76513671875, 1874.064208984375, 971.097412109375, 1337.1087646484375, 798.747314453125, 2105.10791015625, 1435.0047607421875, 1358.4183349609375, 1240.3289794921875, 3387.251953125, 1861.7054443359375, 1265.1068115234375, 2058.687255859375, 1137.79443359375, 1131.104736328125, 1659.4207763671875, 1430.9334716796875]",0.9481079358131447,0.15256860143396597,15.256860143396597,0.12184721071639454,-0.02932257310563717
1991,"[2006.5, 1644.8, 1526.0, 396.2, 5895.1, 1382.1, 1714.0, 906.0, 1296.9, 540.8, 2257.3, 1141.9, 1129.9, 1392.1, 4044.4, 1650.2, 1155.6, 2150.5, 1052.7, 928.1, 1010.5, 1440.0]","[1900.843017578125, 1700.0399169921875, 1251.4810791015625, 183.44046020507812, 5892.80224609375, 1086.874267578125, 1698.2803955078125, 930.2745361328125, 1331.2769775390625, 1090.9219970703125, 2218.54638671875, 978.1689453125, 1186.079833984375, 1501.652587890625, 3602.635009765625, 2072.408203125, 1185.7899169921875, 2063.978759765625, 890.439453125, 894.57568359375, 1324.4354248046875, 684.2100219726562]",0.9454585041472958,0.16429790510414977,16.429790510414975,0.11414132684369724,0.027070419162022154
1992,"[1826.6, 2198.9, 1204.0, 189.9, 6134.6, 1041.6, 731.1, 1014.0, 1386.5, 579.2, 785.3, 480.2, 1118.1, 1409.5, 4523.7, 1743.0, 1225.0, 2203.0, 1088.5, 977.1, 1543.5, 410.8]","[1288.62939453125, 1565.470703125, 1478.126953125, 435.0038757324219, 5599.74951171875, 1238.0279541015625, 1324.881591796875, 775.5449829101562, 1429.8829345703125, 743.72314453125, 1991.910888671875, 1234.1959228515625, 1204.39892578125, 1534.894287109375, 4166.09326171875, 2046.50146484375, 1084.3948974609375, 2082.556396484375, 1074.328125, 928.6921997070312, 1399.591064453125, 1139.8402099609375]",0.885584769439805,0.29246558419281726,29.246558419281726,0.2215654894250267,-0.057737413983679785
1993,"[1753.6, 2048.2, 1509.2, 135.3, 6078.0, 1144.2, 2522.8, 1159.9, 1523.5, 887.5, 2284.0, 1532.7, 1184.8, 1800.0, 4355.2, 1763.0, 1740.0, 2197.5, 1125.5, 977.8, 1378.5, 1652.6]","[1598.2203369140625, 2070.34423828125, 1218.377197265625, 267.49560546875, 5918.4658203125, 1135.605712890625, 1759.251220703125, 953.111083984375, 1347.800537109375, 953.1981201171875, 1982.9298095703125, 1165.342041015625, 1185.8280029296875, 1376.1661376953125, 4256.22705078125, 1870.3153076171875, 1343.9635009765625, 2106.707275390625, 1128.8037109375, 867.6472778320312, 1471.92529296875, 1741.654296875]",0.9553926133609223,0.13780263785160501,13.780263785160502,0.09969007976566374,0.07445736158010494
1994,"[1988.2, 1524.5, 1493.3, 169.8, 5906.5, 1120.8, 1502.5, 930.6, 1503.5, 862.9, 2848.1, 920.9, 1272.0, 1882.3, 4237.1, 2114.0, 1675.0, 2209.1, 1163.9, 1022.8, 1273.3, 1213.3]","[2010.8868408203125, 2148.430908203125, 1383.020263671875, 241.1435089111328, 7140.90087890625, 1384.7437744140625, 1014.2412719726562, 1110.2318115234375, 1627.3372802734375, 724.5277099609375, 1717.687255859375, 1165.70361328125, 1403.811279296875, 1360.0828857421875, 4486.072265625, 1683.88916015625, 1549.8865966796875, 2226.206298828125, 1169.2305908203125, 1276.439453125, 1197.2901611328125, 663.3306274414062]",0.8571278277734287,0.2581695878768684,25.81695878768684,0.18005125794169932,0.003844672850732655
1995,"[1730.4, 2197.2, 1502.0, 947.7, 6163.0, 1155.1, 1418.5, 855.3, 1533.4, 812.6, 1380.0, 1351.7, 1266.6, 1835.5, 4522.3, 2466.0, 1120.0, 2258.0, 1203.6, 1173.7, 2206.5, 594.9]","[1898.375, 2223.6083984375, 1390.7261962890625, 323.96221923828125, 6076.9697265625, 1500.903564453125, 1147.868408203125, 1134.432373046875, 1492.4251708984375, 832.9015502929688, 2698.271484375, 950.7017211914062, 1440.2049560546875, 1483.61962890625, 4217.92822265625, 2036.5640869140625, 1019.7037963867188, 2489.540283203125, 1354.4967041015625, 1217.763916015625, 1591.913818359375, 581.1085815429688]",0.897074152763744,0.22127093278287893,22.127093278287894,0.15382694243039333,0.014863964147505763
1996,"[2089.2, 2257.2, 1515.3, 246.3, 6952.3, 1142.5, 2086.4, 940.4, 1517.5, 1249.0, 2704.3, 1443.3, 1326.1, 1834.6, 4039.7, 2015.0, 1109.9, 2486.2, 1244.6, 1081.8, 1776.6, 1415.0]","[2165.38525390625, 2090.4326171875, 1407.638427734375, 292.5229187011719, 6155.35791015625, 1284.0838623046875, 1713.0408935546875, 1014.1017456054688, 1518.165771484375, 1085.8179931640625, 3743.756591796875, 1247.175048828125, 1353.2158203125, 1609.159912109375, 4310.20361328125, 2248.022705078125, 1232.952392578125, 2360.26025390625, 1274.945556640625, 1117.244140625, 1643.9248046875, 1605.4454345703125]",0.9417018027277503,0.16597880648080474,16.597880648080473,0.10773471143112927,8.154125121455992e-06
1997,"[2060.5, 1658.2, 1528.5, 286.7, 7129.8, 1148.2, 1479.4, 1067.6, 1589.4, 985.7, 2519.5, 1095.9, 1251.0, 1577.0, 4555.7, 2748.3, 1090.8, 2614.1, 1287.0, 1202.0, 1921.8, 1104.3]","[2119.62744140625, 2067.38330078125, 1462.7852783203125, 298.63330078125, 7122.18115234375, 1292.83154296875, 1853.503173828125, 1114.88818359375, 1625.6832275390625, 827.3697509765625, 3524.210205078125, 1346.8922119140625, 1420.5926513671875, 1624.0750732421875, 2980.035400390625, 2356.82421875, 920.5199584960938, 2390.31640625, 1323.7120361328125, 1171.535888671875, 1592.2044677734375, 1636.59326171875]",0.897206134671126,0.23949915661087015,23.949915661087015,0.14502744749289775,-0.004080964653310352
1998,"[2368.5, 1906.2, 1485.0, 91.0, 7225.7, 1074.3, 1250.3, 867.3, 1624.0, 1317.1, 2161.1, 1371.1, 1320.0, 1847.7, 6078.0, 2457.5, 823.1, 2652.6, 1330.8, 1114.3, 1917.8, 1012.5]","[2540.1884765625, 2399.413818359375, 1352.908935546875, 244.75772094726562, 6877.830078125, 1857.34814453125, 2024.5369873046875, 1048.1876220703125, 1526.6307373046875, 972.8308715820312, 2447.71826171875, 1463.634521484375, 1319.582275390625, 1552.5125732421875, 4254.359375, 2280.984375, 1211.56982421875, 2583.89599609375, 1385.4847412109375, 1177.8919677734375, 1415.051513671875, 1027.6854248046875]",0.8979368327761387,0.259967410182551,25.996741018255097,0.1673768366064522,0.007642658035902704
1999,"[2359.7, 2504.7, 1455.7, 111.1, 7517.4, 1181.3, 1375.9, 1197.9, 1735.1, 941.0, 2227.4, 1810.9, 1599.8, 1300.1, 5370.2, 2291.7, 755.6, 2662.9, 1376.1, 1251.8, 1645.6, 1087.0]","[2162.1328125, 2007.8826904296875, 1576.56005859375, 243.42361450195312, 3136.933837890625, 1072.391845703125, 2153.28466796875, 989.4458618164062, 1527.003173828125, 778.0744018554688, 2159.802001953125, 1381.634521484375, 1386.8619384765625, 1352.7320556640625, 5809.43798828125, 2002.6563720703125, 1259.3721923828125, 2556.072509765625, 1143.2071533203125, 1220.939208984375, 1596.6339111328125, 1480.951171875]",0.6044038628394958,0.49384762643139785,49.38476264313979,0.21942483718870082,0.10881137344680702
2000,"[2387.8, 2247.5, 1457.8, 112.3, 7680.0, 1461.4, 1772.0, 1202.0, 1797.0, 677.3, 2849.2, 1742.8, 1300.1, 1608.2, 5432.9, 1951.2, 701.8, 2764.9, 1423.0, 1148.1, 1645.6, 1179.5]","[2278.933837890625, 1816.4603271484375, 1464.2344970703125, 650.1138916015625, 7012.99072265625, 1295.6119384765625, 1203.6368408203125, 1115.1455078125, 1606.9930419921875, 955.5547485351562, 2708.785400390625, 1260.8765869140625, 1427.21337890625, 1574.0250244140625, 5534.14990234375, 2219.482177734375, 1424.3536376953125, 2610.681396484375, 1487.768798828125, 1244.270751953125, 1692.8468017578125, 1089.8670654296875]",0.9588094283328801,0.16054795388746462,16.054795388746463,0.12051844750161855,0.019496114334758133
2001,"[2550.0, 1943.1, 1315.0, 199.2, 6979.8, 764.2, 1378.0, 1307.1, 1819.8, 891.3, 2437.1, 1184.5, 1399.9, 1215.6, 5455.3, 2330.8, 767.1, 2844.6, 1443.0, 1100.2, 1426.7, 1230.9]","[2713.57275390625, 2454.465576171875, 1343.5736083984375, 448.0301208496094, 7829.51220703125, 1330.83935546875, 1990.28369140625, 1069.564453125, 1762.071533203125, 754.6891479492188, 2734.667724609375, 1810.3486328125, 1440.833984375, 1624.3197021484375, 5643.46630859375, 2324.833984375, 1606.23486328125, 2675.246826171875, 1317.4296875, 1155.9915771484375, 1505.023681640625, 1510.6434326171875]",0.9332308382114296,0.20502862967234523,20.502862967234524,0.1554900909919865,-0.12058258667236427
2002,"[2761.0, 2604.1, 1490.0, 294.7, 7765.6, 1431.9, 1670.9, 1265.2, 1803.1, 808.8, 2851.6, 1046.0, 1489.9, 1755.1, 6079.1, 2344.2, 876.3, 3065.5, 1466.4, 1164.4, 996.2, 455.4]","[2602.452392578125, 2103.30224609375, 1402.4381103515625, 385.02496337890625, 7338.6259765625, 1025.219482421875, 1845.4296875, 1143.972412109375, 1837.8306884765625, 794.485107421875, 2405.39306640625, 1259.7880859375, 1506.748291015625, 1612.564208984375, 5666.79833984375, 2281.360107421875, 1102.649658203125, 2813.8623046875, 1390.2791748046875, 1064.1005859375, 1181.28466796875, 914.2628173828125]",0.9769742096010531,0.12631967116595338,12.631967116595339,0.10131966178682131,0.03973863315507217
2003,"[2771.0, 2747.1, 1627.2, 214.4, 7829.3, 1689.8, 1725.6, 1272.8, 1915.3, 643.9, 2658.2, 1225.9, 1499.9, 1392.4, 6476.7, 2384.9, 767.2, 3241.4, 1490.1, 1189.9, 1023.5, 782.9]","[2644.183837890625, 2481.20458984375, 1524.5230712890625, 157.46385192871094, 7815.6845703125, 1321.8515625, 1823.1788330078125, 1198.1561279296875, 2020.3106689453125, 564.8837890625, 1882.101318359375, 1592.4278564453125, 1470.338134765625, 1504.519775390625, 5659.76611328125, 2552.452392578125, 891.712158203125, 2910.406494140625, 1299.882568359375, 1184.03759765625, 983.279541015625, 736.177734375]",0.9727500683322374,0.1380675459693631,13.80675459693631,0.0922807848471389,0.05048073225593902
2004,"[3014.8, 2764.1, 1579.4, 174.3, 7908.7, 1884.1, 1923.9, 1092.0, 2142.1, 634.7, 3030.5, 1046.0, 1600.2, 1580.9, 6393.1, 2545.5, 767.0, 3343.9, 1514.3, 1179.0, 1250.0, 1296.5]","[1892.191650390625, 2371.559326171875, 1514.541015625, 201.45977783203125, 7959.92626953125, 1524.3634033203125, 1602.9871826171875, 1165.984375, 1755.92236328125, 780.3435668945312, 2588.59814453125, 1427.4168701171875, 1406.877685546875, 1746.727783203125, 6283.7490234375, 2420.785400390625, 820.576416015625, 3061.35009765625, 1407.7882080078125, 1232.9876708984375, 1602.6834716796875, 862.250732421875]",0.9612432603466418,0.15758284387013174,15.758284387013175,0.11599593070530025,0.062343153507236966
2005,"[4332.1, 2943.4, 1561.3, 229.7, 8160.7, 2123.2, 1859.4, 1157.7, 2151.4, 701.1, 3635.1, 809.3, 1659.8, 1590.0, 7358.7, 2075.0, 888.9, 3453.9, 1538.8, 1144.7, 1321.0, 619.5]","[3350.517578125, 2704.25, 1492.3201904296875, 286.3138732910156, 7907.91552734375, 1719.3682861328125, 1711.152099609375, 1122.1422119140625, 1973.9049072265625, 566.9248046875, 3179.66015625, 863.0654296875, 1646.9283447265625, 1673.8941650390625, 6946.5166015625, 2574.450927734375, 1005.292236328125, 3441.8037109375, 1709.8275146484375, 1144.29736328125, 1099.2913818359375, 680.8815307617188]",0.9764140335419331,0.13122646622998202,13.122646622998202,0.08962407484459099,0.04899144218805265
2006,"[3953.3, 3079.4, 1499.4, 251.1, 8370.5, 1877.6, 2301.3, 1155.1, 2366.0, 556.7, 3412.2, 1481.4, 1818.2, 1675.8, 5903.0, 2682.9, 853.1, 3469.9, 1563.7, 1227.3, 1429.1, 977.2]","[4017.836669921875, 2789.51806640625, 1564.0445556640625, 323.03167724609375, 7860.03076171875, 1888.974609375, 2171.8154296875, 1073.0794677734375, 1968.5286865234375, 892.9837646484375, 3617.99560546875, 1742.9730224609375, 1714.4615478515625, 1697.45361328125, 6395.791015625, 2366.197509765625, 974.9776000976562, 3646.514892578125, 1516.24609375, 1408.0296630859375, 1459.15869140625, 857.3042602539062]",0.9833227985637331,0.09957618291830618,9.957618291830618,0.07777758942684614,-0.0008235789124934641
2007,"[4363.6, 2910.7, 1543.7, 121.9, 8046.3, 2310.5, 2334.2, 1166.4, 2543.9, 487.7, 2792.1, 2654.7, 1704.9, 1128.2, 7665.5, 2770.0, 720.1, 3660.1, 1589.1, 1334.4, 552.0, 865.1]","[3981.48583984375, 2607.582275390625, 1750.814453125, 350.2906188964844, 8062.0517578125, 1867.7060546875, 2268.845703125, 987.0046997070312, 2064.340576171875, 654.2748413085938, 3427.016357421875, 1896.1771240234375, 1993.6788330078125, 1742.0633544921875, 6823.3798828125, 3159.69384765625, 1366.3538818359375, 3899.68798828125, 1382.8343505859375, 1277.416259765625, 1288.2872314453125, 1373.3082275390625]",0.9502182631755385,0.18564157208567048,18.564157208567046,0.15754497084787192,-0.018007929374685237
2008,"[4832.8, 3389.5, 1737.1, 184.4, 7905.3, 2244.2, 2244.2, 1192.2, 2603.6, 434.9, 4537.3, 1649.8, 1957.1, 1261.1, 6452.5, 2880.4, 1151.5, 4077.6, 1079.3, 1127.9, 994.3, 286.7]","[4565.1181640625, 2661.001708984375, 1871.4722900390625, 194.05352783203125, 5283.64111328125, 1680.56640625, 2227.195556640625, 1180.424560546875, 2929.251953125, 813.5261840820312, 3417.516845703125, 1573.8367919921875, 1738.2523193359375, 2057.21240234375, 3189.513916015625, 2898.20458984375, 1516.99755859375, 3609.106201171875, 1463.4302978515625, 1511.5819091796875, 962.1064453125, 784.1805419921875]",0.7474883719749978,0.4015208910024583,40.15208910024583,0.23387432479867545,0.11241410519422895
2009,"[5464.3, 3004.1, 1696.9, 242.9, 7818.4, 2200.3, 2069.2, 1255.9, 2620.8, 415.9, 4964.0, 2226.5, 2196.1, 1888.4, 5576.0, 2400.0, 1950.3, 4237.2, 1631.8, 1397.7, 1286.9, 464.2]","[4697.1162109375, 3038.940185546875, 1609.98681640625, 233.21421813964844, 7852.0869140625, 2504.767333984375, 2157.7412109375, 1046.168701171875, 2893.5849609375, 608.26220703125, 4152.109375, 1904.27197265625, 1834.48974609375, 1622.0914306640625, 5832.3955078125, 3653.4951171875, 1433.343017578125, 4127.41845703125, 1302.8095703125, 1232.35693359375, 1668.7010498046875, 1136.75146484375]",0.9412366839574294,0.1739359123491804,17.39359123491804,0.13064088602899038,0.008169015437652421
2010,"[4798.6, 3025.3, 1887.4, 161.7, 7270.0, 2234.8, 2587.1, 1193.7, 2551.7, 907.1, 4673.6, 2015.8, 1850.2, 2119.3, 7804.0, 3915.2, 2341.6, 4435.9, 1631.3, 1102.8, 1204.0, 875.1]","[5615.50146484375, 2951.27880859375, 1822.6510009765625, 170.17111206054688, 7796.767578125, 3196.857177734375, 2129.830810546875, 1170.7471923828125, 2484.278564453125, 830.1630859375, 4762.3955078125, 2018.970458984375, 1817.95703125, 2359.96240234375, 6727.25341796875, 3531.837646484375, 1957.0001220703125, 4507.31005859375, 1332.6873779296875, 1332.3818359375, 1427.7386474609375, 897.3486328125]",0.954277421501144,0.15128774047625876,15.128774047625877,0.10122304779166266,-0.004207062586904839
2011,"[5168.4, 2818.1, 1645.8, 347.3, 7740.9, 1667.2, 2741.4, 1245.3, 2739.6, 634.4, 4367.1, 2207.9, 1627.1, 2294.3, 6350.3, 3919.8, 2352.9, 4565.2, 1658.4, 1421.6, 1345.2, 656.8]","[4693.92578125, 3146.775146484375, 1771.151611328125, 204.18101501464844, 7684.3466796875, 2928.121337890625, 2366.5908203125, 1153.328125, 2458.498291015625, 754.9691162109375, 4986.466796875, 1655.425537109375, 1898.1141357421875, 1868.588134765625, 7543.27392578125, 4101.80859375, 1775.249267578125, 4651.8798828125, 1326.29052734375, 1326.1268310546875, 1195.5069580078125, 1118.3603515625]",0.931242478919199,0.18145035446407984,18.145035446407984,0.13785201932786442,-0.018381565430179762
2012,"[5718.5, 3258.0, 1871.2, 137.0, 7772.3, 2732.4, 2654.5, 1191.4, 2855.5, 695.2, 4490.5, 2193.2, 1511.8, 1390.2, 5734.6, 3095.0, 2258.7, 4898.7, 1220.0, 1262.2, 1337.5, 791.2]","[4951.806640625, 2721.47021484375, 1859.218994140625, 122.15267181396484, 7941.1455078125, 1921.3043212890625, 2638.10546875, 1236.9544677734375, 2800.771484375, 754.9639892578125, 4328.8447265625, 1690.1962890625, 1719.962890625, 2077.37548828125, 5753.26806640625, 3276.4365234375, 1956.0447998046875, 4592.55712890625, 1418.6942138671875, 1245.9749755859375, 913.36767578125, 936.082763671875]",0.964447065023902,0.1334674082764649,13.346740827646489,0.09546820224941907,0.03746259831328908
2013,"[5726.0, 2946.1, 1724.0, 84.9, 7722.3, 2370.2, 2538.2, 924.4, 2877.6, 822.7, 4246.6, 2170.8, 1461.6, 2353.8, 6603.7, 4000.0, 2284.5, 4844.1, 1250.0, 1308.4, 1370.2, 744.9]","[5350.54052734375, 3272.900634765625, 2050.92138671875, 178.80743408203125, 7274.1474609375, 2564.75927734375, 2652.283935546875, 1178.7799072265625, 2802.439697265625, 664.2304077148438, 4546.93896484375, 2381.862548828125, 1502.435791015625, 1967.11865234375, 5406.5146484375, 4059.85009765625, 2021.108642578125, 4803.2138671875, 1375.9449462890625, 1257.932373046875, 1472.8475341796875, 725.3491821289062]",0.9700802543069451,0.12366304221000161,12.366304221000162,0.08557742442255435,0.01431175291957817
2014,"[5803.3, 2606.4, 1729.1, 274.0, 7755.6, 3433.6, 2780.2, 1195.9, 2975.6, 678.6, 5300.9, 2333.9, 1700.2, 2772.5, 6840.9, 4000.0, 1531.6, 4954.0, 1232.3, 1399.1, 1365.2, 930.1]","[5407.9853515625, 3268.326904296875, 1704.233154296875, 243.35586547851562, 7513.13525390625, 3013.380859375, 2639.451904296875, 1121.82080078125, 2803.842529296875, 766.0829467773438, 5299.62353515625, 1816.6107177734375, 1868.3497314453125, 1849.4498291015625, 6951.1875, 4522.5390625, 1955.09375, 5091.138671875, 1361.7972412109375, 1340.840576171875, 1242.96337890625, 800.4423828125]",0.9714125000552106,0.11840136459463305,11.840136459463304,0.08636767677557991,0.015903449325845857
2015,"[5968.9, 2511.0, 1921.8, 255.2, 7354.6, 4466.9, 3031.0, 1389.5, 2934.8, 657.1, 3487.1, 1656.3, 1718.8, 2397.0, 7309.0, 5248.3, 1531.3, 5178.4, 1250.3, 1281.3, 1260.8, 580.3]","[5561.75146484375, 2774.5771484375, 1650.9552001953125, 3756.448974609375, 7816.8017578125, 3937.3505859375, 1868.8114013671875, 1420.2122802734375, 2654.923583984375, 616.3721923828125, 4458.72900390625, 1832.4044189453125, 1761.60546875, 2507.9814453125, 6936.9453125, 4408.0107421875, 1684.0054931640625, 4874.3388671875, 1364.786865234375, 1202.0528564453125, 2296.194580078125, 654.2001953125]",0.8175079023373052,0.3098847051498269,30.98847051498269,0.17702774149119943,-0.041801110257142525
2016,"[5995.8, 3042.5, 1950.0, 250.3, 7607.1, 3564.6, 2481.6, 1223.5, 2905.6, 468.0, 3712.0, 1415.4, 1783.7, 2314.6, 7442.7, 5367.0, 1574.8, 5305.2, 1226.5, 1376.2, 1224.8, 440.5]","[5688.85205078125, 2788.137939453125, 2134.47705078125, 403.7198486328125, 6552.67236328125, 4169.19921875, 2583.703125, 1209.353515625, 2956.150634765625, 678.8396606445312, 4421.962890625, 1487.06396484375, 1776.4034423828125, 4502.57421875, 7170.70263671875, 4693.59814453125, 1430.0013427734375, 5464.341796875, 1417.0889892578125, 1275.474609375, 3106.884033203125, 1020.0281982421875]",0.8864254173845731,0.25430539312453426,25.430539312453426,0.1582042108719184,-0.06795383095737469
2017,"[5755.7, 3186.7, 2011.2, 240.3, 7789.5, 4002.3, 2515.1, 1230.8, 3100.7, 1040.9, 5859.6, 2007.8, 1664.1, 2169.3, 7575.9, 5485.0, 1379.3, 5227.4, 1350.0, 1321.5, 1238.7, 1393.3]","[5364.88232421875, 2659.716064453125, 1872.4130859375, 188.096435546875, 7867.33642578125, 3095.593017578125, 2325.51611328125, 1272.063232421875, 2930.50634765625, 656.5518188476562, 4621.11962890625, 1993.48974609375, 1821.1072998046875, 1659.373779296875, 7349.89794921875, 2336.00146484375, 1811.8658447265625, 5325.7265625, 1370.6246337890625, 1192.3316650390625, 1200.4661865234375, 1537.6800537109375]",0.8710606946418422,0.25530523962699164,25.530523962699164,0.1337883640011336,0.10500747381859257
2018,"[5927.3, 2531.2, 2258.9, 321.5, 7516.2, 3624.5, 2205.2, 1239.6, 3094.6, 868.4, 4975.5, 1600.8, 1671.6, 2144.5, 6088.3, 4995.0, 1431.5, 5326.1, 1338.6, 1304.0, 1268.9, 1350.6]","[5716.052734375, 2999.844482421875, 2201.503173828125, 370.842529296875, 7540.9326171875, 4613.310546875, 2763.2666015625, 1192.667724609375, 3495.580322265625, 817.0059814453125, 4918.97216796875, 2016.0677490234375, 1703.8565673828125, 2401.613037109375, 7160.77001953125, 5683.27001953125, 1601.483154296875, 5603.43115234375, 1595.468994140625, 1236.120849609375, 1316.3963623046875, 1071.1766357421875]",0.9553987925540146,0.14586967751029734,14.586967751029734,0.10269732617599908,-0.07825957983557426
2019,"[5230.2, 2971.5, 2531.3, 202.9, 4951.3, 4583.5, 2381.4, 1227.1, 3170.3, 768.8, 4553.9, 1957.8, 1851.4, 2511.6, 7861.5, 5140.0, 1461.0, 5441.9, 1450.0, 1075.2, 1279.7, 780.7]","[5604.4248046875, 2628.111572265625, 1961.9052734375, 267.7135925292969, 7934.9853515625, 3841.206298828125, 1941.4825439453125, 1173.4405517578125, 2917.519775390625, 739.9353637695312, 4362.47412109375, 1809.7744140625, 1795.694580078125, 2155.352783203125, 7487.9541015625, 5103.09716796875, 1499.4451904296875, 5276.80810546875, 1311.930908203125, 1185.5767822265625, 1180.66748046875, 928.2050170898438]",0.8710546733769688,0.24231172874923532,24.23117287492353,0.12169502385531586,0.004343344744974251
2020,"[5225.6, 2949.4, 2582.8, 667.0, 7776.7, 3823.3, 2540.2, 1226.0, 3179.0, 456.9, 5447.8, 2095.5, 2050.6, 2668.6, 7553.9, 5304.2, 1523.7, 5680.4, 1420.0, 1271.8, 1279.4, 1180.1]","[5376.26611328125, 2962.318603515625, 2281.647216796875, 355.1584167480469, 7588.87158203125, 4413.546875, 2172.7939453125, 1512.0179443359375, 3052.194091796875, 839.792236328125, 4681.65478515625, 2072.9853515625, 1884.4642333984375, 1502.5609130859375, 6292.28173828125, 4798.4287109375, 1543.5093994140625, 5318.77490234375, 1213.08447265625, 1177.9984130859375, 1167.1107177734375, 1006.595703125]",0.9491470445182831,0.15479142545747251,15.479142545747251,0.11154083224403083,0.06905218531216196
2021,"[4826.0, 3177.1, 2530.0, 798.0, 7827.6, 4641.3, 2567.4, 1230.2, 3236.8, 1025.2, 5436.1, 2462.9, 2053.8, 972.1, 7429.6, 4129.4, 1521.6, 5695.7, 1450.0, 1206.4, 1428.6, 1534.4]","[2715.63037109375, 2837.90283203125, 2236.84765625, 520.3507080078125, 7726.431640625, 4453.8095703125, 2649.49951171875, 1549.156982421875, 2796.328857421875, 855.9251708984375, 5590.08349609375, 1972.05859375, 1887.3541259765625, 2163.1103515625, 7274.00830078125, 3833.53125, 1460.4136962890625, 5555.326171875, 1642.342041015625, 1512.939697265625, 1506.1766357421875, 946.5046997070312]",0.9204299441718424,0.19039979050167707,19.03997905016771,0.12115898837456245,0.05201633277602862
2022,"[4989.4, 2896.6, 2504.4, 502.7, 8064.5, 4527.6, 2426.1, 1253.8, 3268.9, 804.6, 5375.8, 2124.0, 2232.6, 1784.5, 6732.9, 5147.7, 1528.6, 5793.6, 1500.0, 1164.3, 1587.5, 1500.0]","[4951.68359375, 3007.78857421875, 2022.3636474609375, 761.7095947265625, 7818.5322265625, 4206.396484375, 2216.28955078125, 1522.6405029296875, 3263.361083984375, 732.6203002929688, 5845.044921875, 2800.51123046875, 2047.6810302734375, 2427.65869140625, 6843.88427734375, 5120.458984375, 1604.603271484375, 5482.96533203125, 1445.32763671875, 1348.5931396484375, 1545.3089599609375, 1382.5819091796875]",0.9797500069943549,0.09528281212455539,9.52828121245554,0.07252335271038542,-0.01015956177656888
