koppen_class,year,y_true,y_pred,NRMSE,rRMSE,NMAE,nME
11,1987,"[1744.7, 1442.6]","[1721.096647443514, 1406.7049739338768]",0.019061516581217717,1.9061516581217717,0.0186673292826559,0.0186673292826559
11,1988,"[1344.0, 2687.4]","[1239.809490408003, 1721.0966331664242]",0.34094363319354276,34.09436331935428,0.26553898805019915,0.26553898805019915
11,1989,"[1807.8, 1443.8]","[2552.002096336147, 1239.811723888852]",0.33561378829560173,33.56137882956018,0.2916073233015424,-0.16613784605271226
11,1990,"[1815.3, 1431.6]","[1433.0325364431985, 2687.372890066787]",0.5717426172019374,57.17426172019374,0.504493625804179,-0.2690275113215639
11,1991,"[1714.0, 2006.5]","[1721.098451341725, 1562.9753181750557]",0.16861146303515767,16.861146303515767,0.12111897141961277,0.11730311261476128
11,1992,"[1826.6, 731.1]","[1422.288099524425, 1467.3177569605175]",0.4644181602091654,46.44181602091654,0.44592002871176933,-0.12976731300971286
11,1993,"[2522.8, 1753.6]","[2687.372156012781, 1344.0079362509566]",0.14597769289487011,14.597769289487012,0.13426345051020114,0.05729583475265702
11,1994,"[1988.2, 1502.5]","[2006.4916552053758, 731.1255072008819]",0.3126006058185915,31.26006058185915,0.22621999828243444,0.2157397764327334
11,1995,"[1418.5, 1730.4]","[731.1256352252409, 1406.7076659318136]",0.34122587288545436,34.12258728854544,0.3210856803464529,0.3210856803464529
11,1996,"[2089.2, 2086.4]","[1406.707394341629, 1431.6067573754738]",0.3203306561077747,32.03306561077747,0.32026196194149276,0.32026196194149276
11,1997,"[1479.4, 2060.5]","[2522.7786658797118, 2086.7384857054512]",0.4169684907170501,41.69684907170501,0.30216027333686346,-0.30216027333686346
11,1998,"[2368.5, 1250.3]","[1753.599122680941, 1502.5058166614865]",0.2597284095553977,25.972840955539773,0.23961166518750565,0.10022522953950823
11,1999,"[1375.9, 2359.7]","[1721.1001415952196, 1815.297712751764]",0.24403913384790263,24.40391338479026,0.23814177878880377,0.05332534148544177
11,2000,"[1772.0, 2387.8]","[1988.1932557914395, 1988.1932557914395]",0.15446275319776123,15.446275319776124,0.14803596326746482,0.04409190067241724
11,2001,"[2550.0, 1378.0]","[2025.8125592879514, 1479.379111714617]",0.19222248689856586,19.222248689856585,0.15925828727766436,0.10763959495861292
11,2002,"[1670.9, 2761.0]","[2687.3637777326567, 2024.3272967408063]",0.40057823177777585,40.057823177777585,0.3955722107881158,-0.0631311795106981
11,2003,"[2771.0, 1725.6]","[2703.184857656335, 1712.5800335095034]",0.021717892344920456,2.1717892344920458,0.017976940095663665,0.017976940095663665
11,2004,"[1923.9, 3014.8]","[1420.4078912016762, 2765.1320690902257]",0.16092918179535926,16.092918179535925,0.15250167852027827,0.15250167852027827
11,2005,"[4332.1, 1859.4]","[2773.606922199205, 1665.2223906578029]",0.3587310582513449,35.87310582513449,0.2830769098187826,0.2830769098187826
11,2006,"[2301.3, 3953.3]","[1915.2900938457533, 4332.035559612982]",0.1222748156866611,12.22748156866611,0.1222692843294901,0.0011630394495675189
11,2007,"[4363.6, 2334.2]","[1777.6292177077682, 2297.163435165445]",0.5460733393080546,54.60733393080546,0.3916222262723262,0.3916222262723262
11,2008,"[2244.2, 4832.8]","[2506.7042088839744, 4363.162502252557]",0.1075142331589384,10.75142331589384,0.10345368187528868,0.029268516159879725
11,2009,"[5464.3, 2069.2]","[2053.1115358186344, 2258.662400035194]",0.6413465398902822,64.13465398902822,0.4779519299418013,0.4276532905218254
11,2010,"[2587.1, 4798.6]","[5338.664735385482, 5295.959316602466]",0.5354073818474846,53.54073818474846,0.43989385596327335,-0.43989385596327335
11,2011,"[5168.4, 2741.4]","[4435.790130632693, 2123.3151665828414]",0.17137491223715656,17.137491223715656,0.17076218144383745,0.17076218144383745
11,2012,"[2654.5, 5718.5]","[1888.9493802685288, 5361.086050911997]",0.14270065800904513,14.270065800904513,0.13411734967388925,0.13411734967388925
11,2013,"[5726.0, 2538.2]","[4847.446780761395, 2012.5546500945468]",0.17519742546673547,17.519742546673548,0.16991343011350865,0.16991343011350865
11,2014,"[2780.2, 5803.3]","[2529.4086599201887, 4901.445661434533]",0.1542273921487763,15.422739214877629,0.13428620943033479,0.13428620943033479
11,2015,"[5968.9, 3031.0]","[2623.912469159928, 2708.53588243494]",0.5280566665873441,52.80566665873441,0.40749915536896314,0.40749915536896314
11,2016,"[5995.8, 2481.6]","[5803.182138224698, 2588.8894484314574]",0.036781297364221845,3.6781297364221843,0.03537727489640215,0.010065398983632325
11,2017,"[2515.1, 5755.7]","[2401.7505375828996, 5546.845262216954]",0.04063218976683433,4.063218976683433,0.038956836122279084,0.038956836122279084
11,2018,"[5927.3, 2205.2]","[4235.335360759799, 2472.9213340334486]",0.29788730324232887,29.788730324232887,0.2409696862310052,0.17512982541736885
11,2019,"[2381.4, 5230.2]","[1568.0746077790714, 4336.2902488436275]",0.22454358395012347,22.454358395012346,0.22429385981624111,0.22429385981624111
11,2020,"[5225.6, 2540.2]","[5750.023916266901, 2161.1459211620568]",0.1178369631348575,11.78369631348575,0.11634062106992762,-0.018719235291786797
11,2021,"[2567.4, 4826.0]","[2593.090652647567, 5485.661650176957]",0.12627609272998552,12.627609272998551,0.09269785252042681,-0.09269785252042681
11,2022,"[4989.4, 2426.1]","[5459.645303962003, 2344.20033119548]",0.09103068915684358,9.103068915684357,0.07445822571189038,-0.05236944712527587
3,1987,"[2073.8, 765.2, 1090.7, 1804.6, 1140.0, 1483.9, 1016.4, 1000.0, 1353.3, 707.5]","[1954.3799234569065, 762.0947826121006, 961.306264960021, 1434.4937083131638, 1058.344144821354, 1130.9051236168004, 1173.42270498781, 1092.7432549364864, 1139.0015572063041, 807.7103692043576]",0.15850005087940092,15.850005087940092,0.1303497132494334,0.07406260883322578
3,1988,"[1109.9, 952.0, 1640.1, 1171.8, 1800.0, 1288.2, 1390.7, 1902.0, 2113.7, 871.2]","[781.376732779388, 1059.65399457011, 1092.065546264337, 1042.9741274153916, 1483.8921470353364, 1088.386154495322, 1184.5004042141748, 1746.2920216531168, 2000.3507213177147, 848.8609351901807]",0.17992496108117081,17.99249610811708,0.14934093683847496,0.13422056905144303
3,1989,"[885.3, 1395.0, 1187.8, 2130.1, 1073.4, 984.5, 1988.9, 1261.0, 1269.2, 1187.5]","[863.5339153714046, 1189.0947228833882, 1110.8734789797807, 1996.4701890655292, 924.9711944345279, 918.4946900059441, 1434.8982342809402, 1328.6681279981449, 1192.712460639512, 1479.5296423252491]",0.16660901206605863,16.660901206605864,0.12294288464624419,0.06910679308938904
3,1990,"[895.4, 2138.3, 1017.9, 965.3, 1130.1, 999.3, 1188.9, 2199.1, 1025.2, 1327.5]","[799.5235916739566, 2112.7870714321475, 949.678917297453, 948.1168319237901, 1623.5863842337544, 1185.0910780535128, 1352.0886663126487, 1985.0000267302826, 1130.972527111617, 1285.3223676210328]",0.15092197049931158,15.092197049931158,0.10951422744105456,-0.037647820469480515
3,1991,"[1392.1, 1155.6, 1650.2, 1526.0, 1052.7, 1141.9, 1129.9, 906.0, 1644.8, 928.1]","[1289.4113494645947, 1149.7622328163036, 1705.8067473747276, 1405.9073434911047, 959.5261843159351, 1166.3505037297384, 1629.1419381757698, 1089.0509598393878, 1949.39067355056, 1009.5105967112238]",0.16350156629070384,16.350156629070383,0.11735524089735772,-0.06598058076914781
3,1992,"[1014.0, 1118.1, 480.2, 1088.5, 977.1, 2198.9, 1204.0, 1743.0, 1225.0, 1409.5]","[895.8687533507026, 1317.0314825340533, 1000.3265856132952, 1105.7053567654737, 921.7780167424133, 922.041542562847, 1556.356493521633, 1472.9292727083, 1155.2648965306018, 1323.7745270304326]",0.3736626150726437,37.36626150726437,0.2379508367521378,0.06318864312468374
3,1993,"[1800.0, 1740.0, 1763.0, 1509.2, 1159.9, 1532.7, 1184.8, 2048.2, 977.8, 1125.5]","[1308.442319658028, 1092.0918375092153, 1646.2496988576556, 1438.2970280811214, 999.133308609659, 1174.3873166490794, 1258.9282172046592, 2191.731320125888, 943.6339711525071, 1029.9438053143062]",0.1988237418294838,19.882374182948382,0.14780442497516866,0.11847242972811184
3,1994,"[1675.0, 1882.3, 1493.3, 2114.0, 920.9, 1272.0, 930.6, 1022.8, 1524.5, 1163.9]","[1150.8144643793935, 1768.7277282624073, 1433.7490078617216, 2084.677906688824, 1078.2342066477174, 1507.3292744303756, 1002.5675953972888, 953.213772566754, 1659.66664818195, 1119.95960720107]",0.14329785010812707,14.329785010812707,0.10285908850422246,0.017169414783774768
3,1995,"[1203.6, 1351.7, 1502.0, 2197.2, 2466.0, 1120.0, 1266.6, 855.3, 1173.7, 1835.5]","[1129.719622346053, 912.2272688026802, 1518.2993349075036, 2076.5385438761577, 1746.7799056917704, 1177.3164414173696, 1396.94216786539, 1081.526787241228, 980.260096145209, 1409.3492460982477]",0.21344279684688322,21.34427968468832,0.16050455852890627,0.1030377905907445
3,1996,"[1244.6, 1443.3, 1326.1, 940.4, 2257.2, 1515.3, 2015.0, 1081.8, 1834.6, 1109.9]","[1168.2412886599602, 1160.0530745258109, 1265.0700024980465, 1001.2996570769914, 2164.7023365770933, 1448.071432288634, 2161.5298020705204, 1040.3652281972866, 1406.252651673981, 1614.5272939671586]",0.16136270343273235,16.136270343273235,0.11932400283676121,0.022892920766546806
3,1997,"[1067.6, 1095.9, 1202.0, 1251.0, 1658.2, 2748.3, 1090.8, 1577.0, 1287.0, 1528.5]","[964.1862732793046, 1337.0919910568289, 1154.464139352639, 1256.430319918284, 1818.9717920250541, 1825.785740078541, 1617.0840708628489, 1568.7042722665456, 1261.8572065429225, 1491.083044229995]",0.24148249589598653,24.148249589598652,0.14324793352633464,0.014520666909345349
3,1998,"[1320.0, 1114.3, 867.3, 1371.1, 2457.5, 1906.2, 1485.0, 823.1, 1847.7, 1330.8]","[1319.3474433090641, 1368.098723609659, 985.4074800631186, 1824.1769791398294, 2618.9565440454776, 2229.425625598945, 1488.0830269579303, 1576.6782805509526, 1447.2486269651295, 1532.4477154059573]",0.2368394582664847,23.68394582664847,0.18378284824744723,-0.12854578569483324
3,1999,"[1599.8, 1300.1, 1810.9, 1197.9, 2504.7, 1251.8, 1455.7, 2291.7, 1376.1, 755.6]","[1273.3236523895173, 1826.447791143601, 1941.6424381923719, 1063.1117474194627, 2060.204309915548, 1176.9744555885347, 1500.6844160280084, 1892.320753429437, 1252.203060092036, 1343.1620096587014]",0.21760786155050235,21.760786155050234,0.17971209229030238,0.0137816026545281
3,2000,"[1423.0, 701.8, 1608.2, 1300.1, 1148.1, 2247.5, 1202.0, 1742.8, 1951.2, 1457.8]","[1170.3731579845814, 1228.6231259061672, 2091.190110659687, 1307.5373337170188, 992.3907649879461, 1841.3039731717902, 1003.0549855369896, 1117.2209868277405, 2272.7237918497804, 1508.2649695744394]",0.24398090173433795,24.398090173433793,0.20485678763389445,0.016899496011084685
3,2001,"[1943.1, 1100.2, 1184.5, 1307.1, 1315.0, 2330.8, 1443.0, 767.1, 1399.9, 1215.6]","[1901.0467986840636, 1072.8986415984034, 1402.5957415900198, 927.6243983613625, 1353.633551312906, 2244.610281457536, 1159.2696128949883, 1144.4506283976195, 1242.139535454152, 1771.32477118525]",0.1967768548554144,19.677685485541442,0.15466721575543074,-0.015228430130462817
3,2002,"[1489.9, 1755.1, 876.3, 1466.4, 2344.2, 1490.0, 1265.2, 1046.0, 2604.1, 1164.4]","[1344.945226193371, 1518.9444174942914, 1282.776738981609, 1221.264645182796, 2410.7651503762745, 1364.6026753924025, 1255.1131976759004, 1365.0485845395115, 1980.2437365102367, 1120.7862581376344]",0.18419051936404432,18.419051936404433,0.14329426106406845,0.041099587753262425
3,2003,"[1189.9, 1225.9, 1272.8, 767.2, 1392.4, 1499.9, 1627.2, 2384.9, 2747.1, 1490.1]","[1141.840602714121, 1168.0551292346586, 1370.8714146200882, 959.2942227237874, 1549.1068500029999, 1424.9873657099345, 1472.2957539633655, 2058.456481814413, 2249.7580658995735, 1241.7539216599148]",0.14647153349519443,14.647153349519442,0.11891245761158233,0.06161156293081821
3,2004,"[1179.0, 2764.1, 1514.3, 2545.5, 1580.9, 1600.2, 1092.0, 1579.4, 767.0, 1046.0]","[1098.6464586627962, 2620.2232585706784, 1323.5399283104016, 2371.88541579073, 1623.126951828953, 1363.249072264039, 1247.766068175273, 1401.3195251629047, 821.2275100062034, 1214.057294938435]",0.09862151786226163,9.862151786226162,0.09087808367078416,0.03723153074274247
3,2005,"[888.9, 809.3, 1561.3, 1157.7, 2943.4, 2075.0, 1144.7, 1590.0, 1538.8, 1659.8]","[1083.5551846583342, 1246.8519795079837, 1466.728684279443, 1445.5822293939434, 2681.8468601234626, 2537.1722803685425, 1134.5481184617543, 1547.2460793456678, 1387.1514302276066, 1314.5309925460988]",0.1778725433349603,17.78725433349603,0.1488857048288928,-0.03099205791649611
3,2006,"[1155.1, 3079.4, 1481.4, 853.1, 2682.9, 1227.3, 1563.7, 1499.4, 1818.2, 1675.8]","[1136.7147972720977, 2665.426381128175, 1429.0678829691085, 1040.7460554505572, 2388.7590958560463, 1070.43896296996, 1377.0732917984863, 1536.4107571817715, 1590.7266996784044, 1413.7561776100476]",0.1282520578583426,12.82520578583426,0.10779884853812173,0.0814249513148598
3,2007,"[1334.4, 1589.1, 2910.7, 2654.7, 1543.7, 1128.2, 1704.9, 2770.0, 1166.4, 720.1]","[1076.1307453153765, 1097.6546371358506, 2164.153813513548, 1070.7687851423846, 1093.1591983233463, 1559.305047744387, 1746.2885355370186, 2531.489054018074, 981.9340759971907, 983.5800222618441]",0.35755812366630657,35.75581236663066,0.26764237915886585,0.1836376759203171
3,2008,"[1649.8, 1151.5, 1192.2, 3389.5, 1127.9, 1737.1, 1957.1, 1261.1, 1079.3, 2880.4]","[2158.2276938863515, 1232.0991579365675, 1612.549190868333, 2774.0607644196343, 1428.172362606311, 1648.5603318430133, 1624.8612085302236, 1899.9356436122323, 1320.2068871839192, 2356.6234089169047]",0.24138428226214942,24.13842822621494,0.21516163999471694,-0.03611845871969256
3,2009,"[2400.0, 1631.8, 1888.4, 2196.1, 1950.3, 2226.5, 3004.1, 1255.9, 1397.7, 1696.9]","[2835.0102950570767, 1386.827950000919, 1287.6311842791833, 1852.196031322064, 997.762205279094, 1956.187786646377, 1313.079882850617, 1329.6059583080041, 1139.0696254730478, 1569.5240145293467]",0.3473267192535697,34.732671925356975,0.25439301154763316,0.20260921462839265
3,2010,"[2015.8, 2341.6, 1850.2, 2119.3, 1631.3, 3915.2, 1193.7, 3025.3, 1887.4, 1102.8]","[1972.2943030636761, 1601.685443369731, 2089.489499065825, 1730.045546109891, 1306.1550833262875, 2661.717082058583, 1419.3214054506548, 3000.8874225227605, 1627.2332459700806, 1278.9255907363356]",0.24117405245439777,24.117405245439777,0.17440535649454078,0.11359345518703456
3,2011,"[2818.1, 1245.3, 1421.6, 1645.8, 2352.9, 2207.9, 3919.8, 1658.4, 2294.3, 1627.1]","[3230.313946897624, 1414.9271621241783, 1619.4651322519458, 1652.6419233274546, 1314.5044775621752, 2065.318994670021, 2469.426517920046, 1648.4009852060133, 1592.7142130287646, 1870.0659684089042]",0.2981318559899888,29.81318559899888,0.2063332394872913,0.109168932321099
3,2012,"[2193.2, 2258.7, 1511.8, 1390.2, 1220.0, 3095.0, 1871.2, 3258.0, 1262.2, 1191.4]","[1952.0093185032335, 2075.460780027539, 1798.9861014679527, 2071.2177091279664, 1549.9021160048335, 2784.140965448449, 1654.3885724184304, 2986.0626050315336, 1393.9382150050315, 1238.2368609702073]",0.16293904592331043,16.293904592331042,0.140284689723339,-0.013123165435009746
3,2013,"[924.4, 2284.5, 2170.8, 1461.6, 4000.0, 2946.1, 2353.8, 1250.0, 1724.0, 1308.4]","[1383.740480363328, 2055.914595262829, 2010.5775002327189, 1582.004419357662, 3214.170382053668, 2772.7664005126426, 2467.623123686551, 1486.3240083382764, 1626.799953725507, 1211.3698880030424]",0.15779857179329512,15.779857179329513,0.12104101686066167,0.029980475942721872
3,2014,"[2606.4, 1531.6, 2772.5, 4000.0, 1700.2, 1232.3, 1195.9, 2333.9, 1399.1, 1729.1]","[3143.545845836843, 2282.4096897898717, 1639.675577892314, 2955.907436566137, 1572.0358278032693, 1354.5854112253855, 1138.568966820879, 2047.8703318211922, 1358.6105112345106, 1651.3579684037982]",0.2823163022306462,28.23163022306462,0.20374197972342814,0.06616420821451634
3,2015,"[1389.5, 2397.0, 1718.8, 5248.3, 1531.3, 2511.0, 1921.8, 1281.3, 1250.3, 1656.3]","[1291.182570052184, 2121.0438383481355, 1635.4902034510283, 3340.3336423099363, 1743.6317256890093, 2765.8873785442956, 1643.812887414414, 1402.5123086581425, 1442.0304671688261, 2113.512699664493]",0.3092952756044619,30.92952756044619,0.18563980168706323,0.06726246932398666
3,2016,"[1574.8, 3042.5, 2314.6, 5367.0, 1415.4, 1783.7, 1226.5, 1223.5, 1950.0, 1376.2]","[1546.2588203491591, 2778.450273533337, 2226.2428562457762, 3437.815179899902, 1754.9295830494816, 1585.8375764578866, 1268.2414890308792, 1159.1195904570175, 1590.9650677207355, 1298.2847303423648]",0.3008115400146662,30.08115400146662,0.15937600366049873,0.12353248690495813
3,2017,"[3186.7, 1350.0, 5485.0, 1379.3, 2007.8, 1230.8, 1664.1, 2169.3, 1321.5, 2011.2]","[2968.83215014251, 1466.6299736931812, 3321.8687164147764, 1544.0329130356943, 2066.82792451605, 1324.5839478449138, 1621.1630657942226, 2570.1933277127705, 1319.3247106923789, 1736.4103573226923]",0.32484944278208977,32.48494427820898,0.16215801769427396,0.08556629288813519
3,2018,"[2144.5, 4995.0, 1600.8, 1671.6, 1338.6, 1431.5, 2258.9, 1239.6, 1304.0, 2531.2]","[1910.3245842993254, 4000.93073428133, 1801.4502986431362, 1662.6245894138704, 1517.5763868545257, 1506.4998100193297, 1821.2756866512673, 1182.5235585302717, 1331.858571327769, 3302.4334278687784]",0.21310073218856954,21.310073218856953,0.14552948919790573,0.023309092651500853
3,2019,"[1075.2, 1450.0, 5140.0, 1461.0, 1957.8, 1227.1, 1851.4, 2511.6, 2971.5, 2531.3]","[1452.611114813264, 1258.8275150630811, 4228.090507939701, 1268.1931772396113, 2201.4174662306855, 1399.966278850053, 1697.9726846289416, 1849.6006596418067, 2712.0283639509053, 2011.5856206506326]",0.19841403928208232,19.84140392820823,0.1661366706248089,0.09454011205314171
3,2020,"[5304.2, 1523.7, 2050.6, 2668.6, 1271.8, 1420.0, 1226.0, 2095.5, 2582.8, 2949.4]","[3176.373151847166, 1383.4874875188536, 1668.932351895382, 2259.652225442106, 1249.8089938202295, 1369.09608786039, 1301.1250253174335, 1674.2524871909075, 1334.784022925783, 2961.4556705482596]",0.35191119230630624,35.191119230630626,0.21166927445869568,0.20411874347771536
3,2021,"[1206.4, 1450.0, 4129.4, 1521.6, 2462.9, 1230.2, 2053.8, 972.1, 3177.1, 2530.0]","[1407.622652311703, 1418.7506482659028, 5271.007873899085, 1403.1152191110089, 2117.3144395463096, 1393.8192774719696, 1968.5275306347921, 2241.0288095101246, 3118.7314776674625, 2434.822984613842]",0.27004658070748694,27.004658070748693,0.16926791488911977,-0.09845134265957028
3,2022,"[5147.7, 1528.6, 2232.6, 1784.5, 1164.3, 1500.0, 1253.8, 2124.0, 2504.4, 2896.6]","[4313.256452305433, 1552.5757031722085, 2016.3488665787424, 1363.1255654359175, 1242.4872253708397, 1407.9936194137222, 1237.2642941875754, 2325.3486621827537, 2231.8494415033265, 2846.596413802236]",0.14661599019928492,14.661599019928492,0.09968499706362109,0.0722631742166668
6,1987,"[917.3, 1238.5, 606.5]","[832.327737408608, 2094.1867540565418, 409.1213558604122]",0.5532038345324658,55.32038345324658,0.41198916149133735,-0.2075574149533222
6,1988,"[232.2, 1287.0, 1806.6]","[878.203320148572, 2021.9765690815943, 1431.1922127306766]",0.545824511209178,54.582451120917796,0.5281098311682871,-0.3023549527815391
6,1989,"[1018.8, 1707.9, 377.9]","[1431.0895453741457, 1431.1920466776621, 646.622358629077]",0.31498365537998974,31.498365537998975,0.30848413880228076,-0.13022738861073402
6,1990,"[289.9, 1720.6, 1240.3]","[409.1188129017345, 2163.6721533416044, 1850.262244088781]",0.4066756420486822,40.66756420486822,0.3606045312944875,-0.3606045312944875
6,1991,"[1440.0, 1010.5, 396.2]","[639.2815939644403, 1286.9953612416093, 377.91950210566193]",0.5155385364751716,51.55385364751716,0.38482954479625786,0.19057278346446357
6,1992,"[189.9, 1543.5, 410.8]","[606.5128935663031, 1720.5832770986483, 606.5128935663031]",0.39838448064564497,39.838448064564496,0.368160182926618,-0.368160182926618
6,1993,"[1378.5, 1652.6, 135.3]","[1543.4868923432014, 1543.4868923432014, 227.70357378244603]",0.11942454084234981,11.942454084234981,0.11574771784438034,-0.046828372432051804
6,1994,"[169.8, 1273.3, 1213.3]","[289.92019808919696, 232.22173373506806, 396.21739292343545]",0.8664625893503725,86.64625893503725,0.7447225837338856,0.6542842475727676
6,1995,"[594.9, 2206.5, 947.7]","[606.5113962081766, 2021.9737985486674, 606.5113962081766]",0.17928255137124352,17.928255137124353,0.1433213841858933,0.13712715292603006
6,1996,"[246.3, 1776.6, 1415.0]","[1797.2590817293758, 1797.2590817293758, 1707.8830244243761]",0.7952682368608712,79.52682368608713,0.5423372372329411,-0.5423372372329411
6,1997,"[1104.3, 1921.8, 286.7]","[2021.97387208066, 2172.008405233948, 283.647170624911]",0.4973098279763174,49.73098279763174,0.35345783225359123,-0.3516147814354984
6,1998,"[91.0, 1012.5, 1917.8]","[268.70997165749384, 1104.2989689163096, 1778.7403026285]",0.13965632684355422,13.965632684355423,0.13522941712021425,-0.04317652772061814
6,1999,"[1087.0, 1645.6, 111.1]","[2149.7227098346257, 1931.5829289823353, 170.2184069182684]",0.6712809979827709,67.12809979827709,0.49506770958090845,-0.49506770958090845
6,2000,"[1645.6, 112.3, 1179.5]","[1662.7160582326492, 149.04688509931273, 1279.4523570123804]",0.06360008729414038,6.360008729414038,0.05236443805553974,-0.05236443805553974
6,2001,"[199.2, 1230.9, 1426.7]","[296.23098824543473, 1110.6012707500577, 1717.7592709873793]",0.199802212921292,19.9802212921292,0.17795750086906903,-0.09373828408809562
6,2002,"[996.2, 294.7, 455.4]","[1532.6332899653712, 182.194358898998, 832.5923200730576]",0.6599221842791402,65.99221842791401,0.5876030757254943,-0.4587527738289107
6,2003,"[782.9, 214.4, 1023.5]","[832.9033603993876, 263.93285544716576, 1510.210172966951]",0.42150422187076175,42.150422187076174,0.2901060910597309,-0.2901060910597309
6,2004,"[1250.0, 174.3, 1296.5]","[1750.8393848695175, 123.58982985776831, 594.875162735023]",0.5497217033044006,54.972170330440065,0.4605904117453419,0.09243443933317083
6,2005,"[229.7, 1321.0, 619.5]","[211.14249995109395, 1612.2469350794568, 778.3728771545169]",0.26519454086080946,26.519454086080945,0.2159604240544096,-0.19885831360476808
6,2006,"[251.1, 1429.1, 977.2]","[162.85269760718919, 1294.0599544594002, 852.2535590061611]",0.13299430707670534,13.299430707670535,0.13104304543058987,0.13104304543058987
6,2007,"[121.9, 552.0, 865.1]","[275.70061093491415, 1508.3965520756803, 1259.4033514525051]",1.177052289899639,117.7052289899639,0.9775831802879139,-0.9775831802879139
6,2008,"[286.7, 994.3, 184.4]","[689.9939540877729, 644.3845999086913, 214.02068787224576]",0.6320628467663665,63.20628467663665,0.5342091183644926,-0.05663930794916741
6,2009,"[464.2, 1286.9, 242.9]","[291.13029341699047, 1476.3111389090689, 264.97030438079145]",0.2236903547849903,22.36903547849903,0.19285413734848028,-0.019263659331419603
6,2010,"[161.7, 1204.0, 875.1]","[244.7566287375084, 1031.275884194081, 677.2695993492332]",0.21290673503078822,21.29067350307882,0.20243267814806948,0.12830144935700524
6,2011,"[1345.2, 656.8, 347.3]","[1189.562898529991, 951.8419619895011, 240.2505466534304]",0.2582863770295331,25.828637702953312,0.23740199923640232,-0.0137723607767941
6,2012,"[791.2, 1337.5, 137.0]","[582.5608401286646, 1067.6606258997108, 286.11315827635184]",0.284580979605481,28.458097960548102,0.276996818752693,0.1453702501192889
6,2013,"[1370.2, 744.9, 84.9]","[1240.0869225617616, 1014.0881594181797, 157.58092008652704]",0.24224440509367032,24.22444050936703,0.21453734406497507,-0.09625272821203104
6,2014,"[274.0, 1365.2, 930.1]","[210.93587254160383, 1288.619536707415, 326.93608258622703]",0.4120760294903483,41.20760294903483,0.28910929364603366,0.28910929364603366
6,2015,"[580.3, 1260.8, 255.2]","[617.6511603390168, 1455.9086839599952, 158.39205349334512]",0.1825869000558796,18.25869000558796,0.15707093011766776,-0.06471015493600973
6,2016,"[440.5, 1224.8, 250.3]","[736.4010836231515, 1227.0563602165214, 218.9772162212798]",0.2690509513434941,26.90509513434941,0.17199844832866634,-0.13929560454215534
6,2017,"[1238.7, 1393.3, 240.3]","[1206.622775361636, 391.7419863135235, 251.7107350996477]",0.6043071307290188,60.430713072901874,0.36383594103139927,0.35589057661984913
6,2018,"[321.5, 1350.6, 1268.9]","[162.71309747743138, 793.5030380751718, 1341.1428012754131]",0.34380215593210933,34.380215593210934,0.26797914509446097,0.2188510925440271
6,2019,"[780.7, 1279.7, 202.9]","[705.5141833787951, 1248.8295834708372, 299.82328838667195]",0.09680074016723449,9.680074016723449,0.0896829945376396,0.004035233846019467
6,2020,"[1180.1, 1279.4, 667.0]","[551.7537361574196, 1303.325699415856, 164.36263184465128]",0.4459659389971307,44.59659389971307,0.36939367708740917,0.3540885759098267
6,2021,"[798.0, 1534.4, 1428.6]","[276.65492674562256, 1228.8095755254928, 1343.2013742927506]",0.2810659651514206,28.106596515142062,0.24257753880248176,0.24257753880248176
6,2022,"[502.7, 1587.5, 1500.0]","[658.1714546555468, 1323.8038269112099, 1334.896399721837]",0.16779309403004064,16.779309403004063,0.16274057936117758,0.07613178060035829
4,1987,[4757.1],[4455.405782152767],0.06341977630220799,6.341977630220799,0.06341977630220799,0.06341977630220799
4,1988,[4965.0],[4584.603079169993],0.07661569402417055,7.661569402417055,0.07661569402417055,0.07661569402417055
4,1989,[5380.4],[4757.099921816672],0.11584642000284887,11.584642000284887,0.11584642000284887,0.11584642000284887
4,1990,[5780.3],[4949.5003910912965],0.1437294965501278,14.372949655012778,0.1437294965501278,0.1437294965501278
4,1991,[5895.1],[4990.29973259598],0.1534834468294042,15.348344682940422,0.1534834468294042,0.1534834468294042
4,1992,[6134.6],[4990.302745702634],0.18653168165770653,18.653168165770655,0.18653168165770653,0.18653168165770653
4,1993,[6078.0],[4757.11228313742],0.21732275696982237,21.732275696982235,0.21732275696982237,0.21732275696982237
4,1994,[5906.5],[6117.067984115893],0.03565021317461993,3.565021317461993,0.03565021317461993,-0.03565021317461993
4,1995,[6163.0],[6077.980849954958],0.01379509168344019,1.379509168344019,0.01379509168344019,0.01379509168344019
4,1996,[6952.3],[6162.98037621714],0.11353359662023511,11.35335966202351,0.11353359662023511,0.11353359662023511
4,1997,[7129.8],[6162.983498424645],0.13560219102574472,13.560219102574472,0.13560219102574472,0.13560219102574472
4,1998,[7225.7],[7070.08122797199],0.021536843769878286,2.1536843769878287,0.021536843769878286,0.021536843769878286
4,1999,[7517.4],[6952.2681321723985],0.07517650621592588,7.517650621592588,0.07517650621592588,0.07517650621592588
4,2000,[7680.0],[7179.1118067234775],0.06521981683288054,6.521981683288054,0.06521981683288054,0.06521981683288054
4,2001,[6979.8],[6952.273878267687],0.00394368344828121,0.394368344828121,0.00394368344828121,0.00394368344828121
4,2002,[7765.6],[7202.885367784605],0.07246247968159521,7.246247968159521,0.07246247968159521,0.07246247968159521
4,2003,[7829.3],[7112.101391628225],0.09160443569307278,9.160443569307278,0.09160443569307278,0.09160443569307278
4,2004,[7908.7],[7679.960915167258],0.028922463215540137,2.8922463215540137,0.028922463215540137,0.028922463215540137
4,2005,[8160.7],[7829.258904690345],0.04061429721833359,4.061429721833359,0.04061429721833359,0.04061429721833359
4,2006,[8370.5],[8160.652752061659],0.025069858185095377,2.5069858185095377,0.025069858185095377,0.025069858185095377
4,2007,[8046.3],[8160.655057096591],0.014212129437951708,1.4212129437951708,0.014212129437951708,-0.014212129437951708
4,2008,[7905.3],[8046.259459256382],0.01783100695184012,1.783100695184012,0.01783100695184012,-0.01783100695184012
4,2009,[7818.4],[8046.260923264923],0.029144188486764974,2.9144188486764975,0.029144188486764974,-0.029144188486764974
4,2010,[7270.0],[7905.265931040596],0.08738183370572161,8.73818337057216,0.08738183370572161,-0.08738183370572161
4,2011,[7740.9],[8046.262815485341],0.03944797316660096,3.944797316660096,0.03944797316660096,-0.03944797316660096
4,2012,[7772.3],[7761.445651930514],0.0013965426025097012,0.1396542602509701,0.0013965426025097012,0.0013965426025097012
4,2013,[7722.3],[7819.521022736028],0.012589645926217242,1.258964592621724,0.012589645926217242,-0.012589645926217242
4,2014,[7755.6],[7898.764443054673],0.018459492889611767,1.8459492889611768,0.018459492889611767,-0.018459492889611767
4,2015,[7354.6],[7760.30114206889],0.05516291056874467,5.516291056874467,0.05516291056874467,-0.05516291056874467
4,2016,[7607.1],[7283.4265095247865],0.04254886756782661,4.2548867567826605,0.04254886756782661,0.04254886756782661
4,2017,[7789.5],[7336.438241527158],0.058163137360914254,5.816313736091425,0.058163137360914254,0.058163137360914254
4,2018,[7516.2],[7568.18740712288],0.00691671418042103,0.691671418042103,0.00691671418042103,-0.00691671418042103
4,2019,[4951.3],[7755.217749142834],0.5662993050598496,56.62993050598496,0.5662993050598496,-0.5662993050598496
4,2020,[7776.7],[4951.349690762576],0.36330966981334295,36.33096698133429,0.36330966981334295,0.36330966981334295
4,2021,[7827.6],[7776.675714813335],0.0065057342207912585,0.6505734220791258,0.0065057342207912585,0.0065057342207912585
4,2022,[8064.5],[7786.294889991467],0.03449750263606333,3.4497502636063335,0.03449750263606333,0.03449750263606333
1,1987,"[1963.3, 1161.7, 916.3]","[1853.496389214766, 973.7114153101832, 973.7114153101832]",0.09649656836801837,9.649656836801837,0.08789340330716207,0.05948105316726491
1,1988,"[881.6, 1182.3, 1953.1]","[1329.4016083582, 1134.8733827504948, 1117.1071985161543]",0.4094303983626642,40.94303983626642,0.33139682028666934,0.10844356743220082
1,1989,"[1225.8, 2103.3, 1091.7]","[1157.4442730149563, 1774.3895227445603, 973.710778249924]",0.13950134398471803,13.950134398471803,0.11655253030912043,0.11655253030912043
1,1990,"[1060.2, 2132.3, 1335.8]","[973.7111969167893, 1774.3899414116102, 1091.7080016378823]",0.16897472986821513,16.897472986821512,0.1520417949415274,0.1520417949415274
1,1991,"[2150.5, 1296.9, 1382.1]","[1961.8734674947254, 1335.8020506711107, 1060.2092733392406]",0.13452911188490194,13.452911188490194,0.11376318663156529,0.09765300931668358
1,1992,"[1041.6, 1386.5, 2203.0]","[916.3137917518937, 1117.108446016659, 2134.1290679727986]",0.11406309184689187,11.406309184689187,0.10009472787429523,0.10009472787429523
1,1993,"[1523.5, 2197.5, 1144.2]","[1296.9040369556114, 2147.677749051788, 882.582977572905]",0.12448656024651082,12.448656024651083,0.1105885136108887,0.1105885136108887
1,1994,"[1120.8, 1503.5, 2209.1]","[1144.2084811892375, 1146.3082392657207, 2197.481391209553]",0.1283419341279658,12.83419341279658,0.08114760845656557,0.07146147398011521
1,1995,"[2258.0, 1533.4, 1155.1]","[2197.453917411129, 1174.804361511025, 1120.8591199514478]",0.12790510804438684,12.790510804438684,0.09165725283056667,0.09165725283056667
1,1996,"[1142.5, 1517.5, 2486.2]","[1382.10291549082, 1127.8256003492572, 2195.9032242670864]",0.1823470199539106,18.23470199539106,0.17868992477448917,0.0855715401447352
1,1997,"[2614.1, 1589.4, 1148.2]","[2419.3075534553686, 1514.65540763559, 1286.6875040394498]",0.08104682783482116,8.104682783482115,0.0762420432663436,0.024487459100770135
1,1998,"[1074.3, 2652.6, 1624.0]","[1150.2324307896977, 2486.174539314395, 1589.3982397242107]",0.060263019720114594,6.026301972011459,0.051759452008277446,0.023378270977162035
1,1999,"[2662.9, 1735.1, 1181.3]","[2604.479618050085, 998.9865469530117, 1621.3620126181352]",0.26685953132669965,26.685953132669965,0.22128149545911469,0.06353338633498257
1,2000,"[1797.0, 1461.4, 2764.9]","[1335.7975321610886, 2627.2653974231025, 2662.5812473173874]",0.3617319528799503,36.17319528799503,0.2871161353318989,-0.10000235367681808
1,2001,"[764.2, 2844.6, 1819.8]","[1151.8744116946084, 2612.791259181284, 1570.44182236388]",0.16461973671055358,16.461973671055357,0.1600488763492326,0.017222213233656438
1,2002,"[1803.1, 1431.9, 3065.5]","[1595.1961707045054, 990.2864977127235, 2782.827130671108]",0.15506074800953215,15.506074800953215,0.14795495610057346,0.14795495610057346
1,2003,"[3241.4, 1689.8, 1915.3]","[3065.459456440598, 976.3374770197578, 1568.9652213520162]",0.20551403469824403,20.551403469824404,0.18049190757140554,0.18049190757140554
1,2004,"[2142.1, 1884.1, 3343.9]","[1897.045540788279, 3102.5321411753707, 3213.8139964357624]",0.2936738824172487,29.367388241724868,0.21622130011144072,-0.11442065621896745
1,2005,"[2123.2, 2151.4, 3453.9]","[940.6378021701686, 1935.7010777758107, 1160.1346829558488]",0.5803742801822784,58.03742801822784,0.4777157840587659,0.4777157840587659
1,2006,"[1877.6, 2366.0, 3469.9]","[2123.202360887363, 2151.3780594300815, 3341.061627342587]",0.07874639241102754,7.874639241102754,0.07636775447134173,0.01268658227004194
1,2007,"[2310.5, 2543.9, 3660.1]","[1800.6979012113825, 2326.933729063233, 3465.008143220785]",0.11949012923579233,11.949012923579232,0.10826944935164716,0.10826944935164716
1,2008,"[4077.6, 2603.6, 2244.2]","[2451.080959099991, 1965.2963770257204, 2475.452961038653]",0.3420320276753381,34.20320276753381,0.2796598051530398,0.22784073574692842
1,2009,"[4237.2, 2620.8, 2200.3]","[3473.063116584595, 2597.679772347961, 2369.2914670586447]",0.14970744506358225,14.970744506358225,0.10556600886767815,0.0682540481115441
1,2010,"[2234.8, 2551.7, 4435.9]","[2335.7486287570496, 3738.5301378059667, 2574.879424358652]",0.41497545434233835,41.497545434233835,0.3414294914777459,0.062157552164114685
1,2011,"[2739.6, 4565.2, 1667.2]","[2620.6926375204343, 4402.053933718877, 2227.648833280624]",0.11500029788682634,11.500029788682633,0.09390350669207677,-0.031029358506457317
1,2012,"[4898.7, 2855.5, 2732.4]","[4095.4658913289313, 2598.648229097747, 1833.0601988801684]",0.2036307799841385,20.36307799841385,0.1868504263243714,0.1868504263243714
1,2013,"[2877.6, 4844.1, 2370.2]","[2740.3351195131213, 4469.378915609291, 2280.6208778170217]",0.07019597974669849,7.019597974669849,0.05960870470977381,0.05960870470977381
1,2014,"[3433.6, 2975.6, 4954.0]","[2324.98511621023, 2844.038343415845, 4610.706306929917]",0.17803146648448373,17.803146648448372,0.1393507316111665,0.1393507316111665
1,2015,"[5178.4, 2934.8, 4466.9]","[4457.527839603857, 2404.759163020724, 3483.3095194298617]",0.18307280220435526,18.307280220435526,0.17762207597281085,0.17762207597281085
1,2016,"[5305.2, 2905.6, 3564.6]","[4546.487180109133, 2907.11494462367, 3438.170982225667]",0.11313857105666772,11.313857105666772,0.07529738117506579,0.07504007448082693
1,2017,"[3100.7, 5227.4, 4002.3]","[2890.986046879831, 4966.985272883757, 2453.163772638769]",0.222618025538426,22.2618025538426,0.16376313076604515,0.16376313076604515
1,2018,"[3624.5, 5326.1, 3094.6]","[3350.126991706696, 4177.08777468709, 2957.6681441649753]",0.1710059561371999,17.10059561371999,0.12953849578597604,0.12953849578597604
1,2019,"[5441.9, 3170.3, 4583.5]","[5303.482097255396, 3026.2544387546427, 3828.8764985871376]",0.10246299415826905,10.246299415826906,0.07859279654757408,0.07859279654757408
1,2020,"[5680.4, 3179.0, 3823.3]","[5314.993738816355, 3084.0335193735486, 5138.474838523857]",0.18686499506975274,18.686499506975274,0.13999760148343435,-0.06739906303182772
1,2021,"[4641.3, 5695.7, 3236.8]","[4555.616622495002, 4751.128978097518, 3147.3531567740984]",0.12156151044144373,12.156151044144373,0.08248988806622924,0.08248988806622924
1,2022,"[4527.6, 3268.9, 5793.6]","[4045.342980767362, 3209.6372890091257, 5112.224678256413]",0.10665899157586288,10.665899157586288,0.0899842570670635,0.0899842570670635
12,1987,[666.4],[782.1984583651649],0.17376719442551763,17.376719442551764,0.17376719442551763,-0.17376719442551763
12,1988,[922.1],[708.900037030484],0.23121132520281534,23.121132520281535,0.23121132520281534,0.23121132520281534
12,1989,[1047.6],[909.987156091002],0.13136010300591627,13.136010300591627,0.13136010300591627,0.13136010300591627
12,1990,[1100.0],[708.9024760305257],0.355543203608613,35.554320360861304,0.355543203608613,0.355543203608613
12,1991,[540.8],[1047.594564650061],0.9371201269416812,93.71201269416812,0.9371201269416812,-0.9371201269416812
12,1992,[579.2],[782.2006443679916],0.35048453792816214,35.04845379281621,0.35048453792816214,-0.35048453792816214
12,1993,[887.5],[557.8514517412103],0.37143498395356583,37.14349839535658,0.37143498395356583,0.37143498395356583
12,1994,[862.9],[1099.9918050112203],0.2747616236078576,27.47616236078576,0.2747616236078576,-0.2747616236078576
12,1995,[812.6],[556.6264306026553],0.3150056231815711,31.50056231815711,0.3150056231815711,0.3150056231815711
12,1996,[1249.0],[1047.5933772923436],0.16125430160741105,16.125430160741104,0.16125430160741105,0.16125430160741105
12,1997,[985.7],[1099.9929289471006],0.11595102865689415,11.595102865689414,0.11595102865689415,-0.11595102865689415
12,1998,[1317.1],[565.5290836044055],0.570625553409456,57.0625553409456,0.570625553409456,0.570625553409456
12,1999,[941.0],[985.6971019627374],0.04749957700609714,4.749957700609714,0.04749957700609714,-0.04749957700609714
12,2000,[677.3],[1317.0883705794802],0.9446159317576853,94.46159317576853,0.9446159317576853,-0.9446159317576853
12,2001,[891.3],[540.8086854013394],0.393236076067161,39.3236076067161,0.393236076067161,0.393236076067161
12,2002,[808.8],[985.6969266572994],0.2187152901301922,21.87152901301922,0.2187152901301922,-0.2187152901301922
12,2003,[643.9],[680.0049493670438],0.05607229285144244,5.6072292851442445,0.05607229285144244,-0.05607229285144244
12,2004,[634.7],[812.6011075005285],0.28029164566019926,28.029164566019926,0.28029164566019926,-0.28029164566019926
12,2005,[701.1],[1080.35131318808],0.5409375455542432,54.093754555424326,0.5409375455542432,-0.5409375455542432
12,2006,[556.7],[824.9100532689107],0.48178561751196447,48.17856175119645,0.48178561751196447,-0.48178561751196447
12,2007,[487.7],[782.2011742101191],0.6038572364365781,60.385723643657805,0.6038572364365781,-0.6038572364365781
12,2008,[434.9],[812.5999557762092],0.8684754099246016,86.84754099246015,0.8684754099246016,-0.8684754099246016
12,2009,[415.9],[434.9096058293059],0.04570715515582097,4.570715515582097,0.04570715515582097,-0.04570715515582097
12,2010,[907.1],[701.1021277750376],0.22709499749196604,22.709499749196603,0.22709499749196604,0.22709499749196604
12,2011,[634.4],[1047.593047193391],0.651313126092987,65.1313126092987,0.651313126092987,-0.651313126092987
12,2012,[695.2],[436.82235887581476],0.3716594377505542,37.165943775055425,0.3716594377505542,0.3716594377505542
12,2013,[822.7],[487.70773214016106],0.40718642015295853,40.718642015295856,0.40718642015295853,0.40718642015295853
12,2014,[678.6],[907.0965949400801],0.3367176465371059,33.67176465371059,0.3367176465371059,-0.3367176465371059
12,2015,[657.1],[822.6987866123278],0.2520145892745819,25.20145892745819,0.2520145892745819,-0.2520145892745819
12,2016,[468.0],[657.1030494044771],0.4040663448813614,40.40663448813614,0.4040663448813614,-0.4040663448813614
12,2017,[1040.9],[659.9059979951988],0.3660236353202048,36.60236353202048,0.3660236353202048,0.3660236353202048
12,2018,[868.4],[1040.8928752567779],0.1986329747314347,19.863297473143472,0.1986329747314347,-0.1986329747314347
12,2019,[768.8],[1040.8929486085256],0.35391902784667745,35.39190278466774,0.35391902784667745,-0.35391902784667745
12,2020,[456.9],[868.3975262400434],0.9006292979646386,90.06292979646386,0.9006292979646386,-0.9006292979646386
12,2021,[1025.2],[665.2047024381064],0.3511464080783199,35.11464080783199,0.3511464080783199,0.3511464080783199
12,2022,[804.6],[457.3327433386571],0.43160235727236257,43.160235727236255,0.43160235727236257,0.43160235727236257
7,1987,[1558.4],[1159.869812449255],0.25573035648790104,25.573035648790103,0.25573035648790104,0.25573035648790104
7,1988,[1619.5],[1558.3998424679103],0.03772779100468646,3.772779100468646,0.03772779100468646,0.03772779100468646
7,1989,[2840.5],[1619.4985561225208],0.42985440727952096,42.985440727952096,0.42985440727952096,0.42985440727952096
7,1990,[2205.1],[991.3208756779628],0.5504417597034317,55.04417597034317,0.5504417597034317,0.5504417597034317
7,1991,[2257.3],[2205.0903670757743],0.023129239766192283,2.312923976619228,0.023129239766192283,0.023129239766192283
7,1992,[785.3],[991.3238870760435],0.2623505502050727,26.235055020507268,0.2623505502050727,-0.2623505502050727
7,1993,[2284.0],[2240.518624309616],0.019037379899467636,1.9037379899467637,0.019037379899467636,0.019037379899467636
7,1994,[2848.1],[785.3274652933711],0.7242626785248513,72.42626785248513,0.7242626785248513,0.7242626785248513
7,1995,[1380.0],[1875.600976227523],0.3591311421938573,35.913114219385726,0.3591311421938573,-0.3591311421938573
7,1996,[2704.3],[2840.47419117416],0.05035469111199188,5.0354691111991885,0.05035469111199188,-0.05035469111199188
7,1997,[2519.5],[2848.0757939738264],0.1304130954450591,13.04130954450591,0.1304130954450591,-0.1304130954450591
7,1998,[2161.1],[1455.685189640589],0.3264147010131003,32.64147010131003,0.3264147010131003,0.3264147010131003
7,1999,[2227.4],[991.3264454253034],0.5549400891508919,55.49400891508919,0.5549400891508919,0.5549400891508919
7,2000,[2849.2],[2519.4862649360653],0.11572151307873599,11.572151307873598,0.11572151307873599,0.11572151307873599
7,2001,[2437.1],[2244.602395963958],0.0789863378753609,7.89863378753609,0.0789863378753609,0.0789863378753609
7,2002,[2851.6],[2205.09660453516],0.22671601748661796,22.671601748661796,0.22671601748661796,0.22671601748661796
7,2003,[2658.2],[1875.606322084088],0.29440737262655625,29.440737262655624,0.29440737262655625,0.29440737262655625
7,2004,[3030.5],[2851.5812422476706],0.059039352500356176,5.903935250035618,0.059039352500356176,0.059039352500356176
7,2005,[3635.1],[1380.0213565025651],0.620362202827277,62.036220282727705,0.620362202827277,0.620362202827277
7,2006,[3412.2],[3635.0633074597226],0.0653136707870942,6.53136707870942,0.0653136707870942,-0.0653136707870942
7,2007,[2792.1],[3091.2750843778313],0.1071505620779454,10.715056207794541,0.1071505620779454,-0.1071505620779454
7,2008,[4537.3],[3635.065193652608],0.19884839141061694,19.884839141061693,0.19884839141061694,0.19884839141061694
7,2009,[4964.0],[4537.243291707333],0.08597032802027943,8.597032802027943,0.08597032802027943,0.08597032802027943
7,2010,[4673.6],[4537.245901194527],0.02917538916584084,2.917538916584084,0.02917538916584084,0.02917538916584084
7,2011,[4367.1],[4575.17227811526],0.04764541185575322,4.764541185575322,0.04764541185575322,-0.04764541185575322
7,2012,[4490.5],[3635.073975941965],0.19049683199154552,19.04968319915455,0.19049683199154552,0.19049683199154552
7,2013,[4246.6],[4490.452841886349],0.057423077729559846,5.742307772955985,0.057423077729559846,-0.057423077729559846
7,2014,[5300.9],[4490.45419787951],0.15288834011592184,15.288834011592185,0.15288834011592184,0.15288834011592184
7,2015,[3487.1],[4490.456369734505],0.2877337528991153,28.773375289911527,0.2877337528991153,-0.2877337528991153
7,2016,[3712.0],[4490.4574483059305],0.20971375223758904,20.971375223758905,0.20971375223758904,-0.20971375223758904
7,2017,[5859.6],[3492.9909176299416],0.40388577417742827,40.38857741774283,0.40388577417742827,0.40388577417742827
7,2018,[4975.5],[3630.9379079079695],0.27023657764888565,27.023657764888565,0.27023657764888565,0.27023657764888565
7,2019,[4553.9],[3487.1029419491597],0.2342600975100112,23.42600975100112,0.2342600975100112,0.2342600975100112
7,2020,[5447.8],[4963.953042530557],0.088815110222373,8.8815110222373,0.088815110222373,0.088815110222373
7,2021,[5436.1],[5406.629522200334],0.005421253803216772,0.5421253803216772,0.005421253803216772,0.005421253803216772
7,2022,[5375.8],[3412.1908806346364],0.3652682613500063,36.526826135000626,0.3652682613500063,0.3652682613500063
5,1987,[3189.7],[3744.9930373710245],0.17408942451359835,17.408942451359835,0.17408942451359835,-0.17408942451359835
5,1988,[3774.4],[3160.7776663695477],0.16257480225478285,16.257480225478286,0.16257480225478285,0.16257480225478285
5,1989,[2910.3],[3774.3921501344075],0.29690827410727666,29.690827410727668,0.29690827410727666,-0.29690827410727666
5,1990,[3460.8],[3189.705196162639],0.0783329877015029,7.83329877015029,0.0783329877015029,0.0783329877015029
5,1991,[4044.4],[3562.8955140231355],0.1190546152647771,11.90546152647771,0.1190546152647771,0.1190546152647771
5,1992,[4523.7],[3165.0682335376746],0.30033639862553335,30.033639862553336,0.30033639862553335,0.30033639862553335
5,1993,[4355.2],[4523.675518586776],0.03868376161525904,3.8683761615259042,0.03868376161525904,-0.03868376161525904
5,1994,[4237.1],[4044.3899766172262],0.04548158490070428,4.548158490070428,0.04548158490070428,0.04548158490070428
5,1995,[4522.3],[4237.086421189379],0.06306825703969696,6.306825703969696,0.06306825703969696,0.06306825703969696
5,1996,[4039.7],[4522.280323898612],0.11945944597336729,11.945944597336728,0.11945944597336729,-0.11945944597336729
5,1997,[4555.7],[4522.280836380317],0.007335681370521078,0.7335681370521079,0.007335681370521078,0.007335681370521078
5,1998,[6078.0],[4040.714875592436],0.3351900500835084,33.51900500835084,0.3351900500835084,0.3351900500835084
5,1999,[5370.2],[5957.19164948432],0.10930536097060074,10.930536097060074,0.10930536097060074,-0.10930536097060074
5,2000,[5432.9],[5370.166307779031],0.011546999249198183,1.1546999249198184,0.011546999249198183,0.011546999249198183
5,2001,[5455.3],[6001.5398514346825],0.10013012142956067,10.013012142956066,0.10013012142956067,-0.10013012142956067
5,2002,[6079.1],[5455.267640165527],0.10261919689336796,10.261919689336796,0.10261919689336796,0.10261919689336796
5,2003,[6476.7],[5370.172856079139],0.17084736731991,17.084736731990997,0.17084736731991,0.17084736731991
5,2004,[6393.1],[6476.6463023621545],0.013068198896021361,1.3068198896021361,0.013068198896021361,-0.013068198896021361
5,2005,[7358.7],[6413.339625184077],0.12846839452837092,12.846839452837091,0.12846839452837092,0.12846839452837092
5,2006,[5903.0],[6956.6135945318765],0.17848781882633855,17.848781882633855,0.17848781882633855,-0.17848781882633855
5,2007,[7665.5],[5967.6740922547415],0.22148925807126196,22.148925807126197,0.22148925807126196,0.22148925807126196
5,2008,[6452.5],[6417.174139250818],0.005474755637223034,0.5474755637223034,0.005474755637223034,0.005474755637223034
5,2009,[5576.0],[6452.459004500882],0.1571841830166574,15.718418301665741,0.1571841830166574,-0.1571841830166574
5,2010,[7804.0],[7358.635811192657],0.057068706920469434,5.706870692046944,0.057068706920469434,0.057068706920469434
5,2011,[6350.3],[7358.638633857224],0.15878598394677787,15.878598394677788,0.15878598394677787,-0.15878598394677787
5,2012,[5734.6],[6476.6633030419935],0.12940105727374063,12.940105727374062,0.12940105727374063,-0.12940105727374063
5,2013,[6603.7],[6452.461280126714],0.022902118490132177,2.2902118490132177,0.022902118490132177,0.022902118490132177
5,2014,[6840.9],[5575.988946474626],0.1849041870989744,18.49041870989744,0.1849041870989744,0.1849041870989744
5,2015,[7309.0],[5370.196048473704],0.2652625463847717,26.52625463847717,0.2652625463847717,0.2652625463847717
5,2016,[7442.7],[7665.436625665423],0.02992685795012874,2.992685795012874,0.02992685795012874,-0.02992685795012874
5,2017,[7575.9],[7308.947835908989],0.035237023203977175,3.5237023203977174,0.035237023203977175,0.035237023203977175
5,2018,[6088.3],[6841.354097826334],0.12368873048738291,12.36887304873829,0.12368873048738291,-0.12368873048738291
5,2019,[7861.5],[6397.697273997987],0.18619890936869715,18.619890936869716,0.18619890936869715,0.18619890936869715
5,2020,[7553.9],[6603.667434374125],0.12579363846832425,12.579363846832425,0.12579363846832425,0.12579363846832425
5,2021,[7429.6],[6351.511721612243],0.1451071764816084,14.51071764816084,0.1451071764816084,0.1451071764816084
5,2022,[6732.9],[7801.409697258725],0.15869977235050653,15.869977235050653,0.15869977235050653,-0.15869977235050653
