country,year,y_true,y_pred,NRMSE,rRMSE,NMAE,nME,koppen_class
Lao People's Democratic Republic,1987,[1442.6],[1290.325],0.10555594066269228,10.555594066269228,0.10555594066269228,0.10555594066269228,11
Lao People's Democratic Republic,1988,[1344.0],[1336.3210000000008],0.005713541666666055,0.5713541666666054,0.005713541666666055,0.005713541666666055,11
Lao People's Democratic Republic,1989,[1443.8],[1309.6780000000006],0.09289513783072406,9.289513783072406,0.09289513783072406,0.09289513783072406,11
Lao People's Democratic Republic,1990,[1815.3],[1369.5880000000004],0.24553076626452902,24.553076626452903,0.24553076626452902,0.24553076626452902,11
Lao People's Democratic Republic,1991,[2006.5],[1474.9430000000004],0.26491751806628433,26.491751806628432,0.26491751806628433,0.26491751806628433,11
Lao People's Democratic Republic,1992,[1826.6],[1702.5109999999997],0.06793441366473238,6.793441366473238,0.06793441366473238,0.06793441366473238,11
Lao People's Democratic Republic,1993,[1753.6],[1738.5980000000015],0.008554972627736293,0.8554972627736293,0.008554972627736293,0.008554972627736293,11
Lao People's Democratic Republic,1994,[1988.2],[1734.8370000000016],0.1274333568051496,12.743335680514962,0.1274333568051496,0.1274333568051496,11
Lao People's Democratic Republic,1995,[1730.4],[1757.9250000000015],0.015906726768378093,1.5906726768378094,0.015906726768378093,-0.015906726768378093,11
Lao People's Democratic Republic,1996,[2089.2],[1726.6779999999999],0.17352192226689642,17.352192226689642,0.17352192226689642,0.17352192226689642,11
Lao People's Democratic Republic,1997,[2060.5],[1918.2900000000002],0.06901722882795429,6.901722882795429,0.06901722882795429,0.06901722882795429,11
Lao People's Democratic Republic,1998,[2368.5],[1838.4830000000002],0.2237774963056786,22.377749630567862,0.2237774963056786,0.2237774963056786,11
Lao People's Democratic Republic,1999,[2359.7],[2038.6530000000012],0.13605415942704524,13.605415942704525,0.13605415942704524,0.13605415942704524,11
Lao People's Democratic Republic,2000,[2387.8],[2180.9130000000027],0.0866433537147154,8.664335371471541,0.0866433537147154,0.0866433537147154,11
Lao People's Democratic Republic,2001,[2550.0],[2222.827000000002],0.12830313725490117,12.830313725490116,0.12830313725490117,0.12830313725490117,11
Lao People's Democratic Republic,2002,[2761.0],[2350.3440000000014],0.1487345164795359,14.873451647953589,0.1487345164795359,0.1487345164795359,11
Lao People's Democratic Republic,2003,[2771.0],[2427.8],0.1238542042583904,12.38542042583904,0.1238542042583904,0.1238542042583904,11
Lao People's Democratic Republic,2004,[3014.8],[2575.5930000000003],0.1456836274379726,14.56836274379726,0.1456836274379726,0.1456836274379726,11
Lao People's Democratic Republic,2005,[4332.1],[2678.4539999999997],0.38171925855820515,38.17192585582052,0.38171925855820515,0.38171925855820515,11
Lao People's Democratic Republic,2006,[3953.3],[3227.7039999999993],0.18354185111172966,18.354185111172967,0.18354185111172966,0.18354185111172966,11
Lao People's Democratic Republic,2007,[4363.6],[3603.296999999996],0.1742375561463022,17.42375561463022,0.1742375561463022,0.1742375561463022,11
Lao People's Democratic Republic,2008,[4832.8],[3731.441999999996],0.22789231915245908,22.789231915245907,0.22789231915245908,0.22789231915245908,11
Lao People's Democratic Republic,2009,[5464.3],[4261.279999999993],0.22015994729425667,22.015994729425667,0.22015994729425667,0.22015994729425667,11
Lao People's Democratic Republic,2010,[4798.6],[4586.415999999994],0.044217896886593284,4.421789688659328,0.044217896886593284,0.044217896886593284,11
Lao People's Democratic Republic,2011,[5168.4],[4643.575999999993],0.101544772076466,10.1544772076466,0.101544772076466,0.101544772076466,11
Lao People's Democratic Republic,2012,[5718.5],[4539.612999999997],0.20615318702456997,20.615318702456996,0.20615318702456997,0.20615318702456997,11
Lao People's Democratic Republic,2013,[5726.0],[4886.945999999996],0.14653405518686757,14.653405518686757,0.14653405518686757,0.14653405518686757,11
Lao People's Democratic Republic,2014,[5803.3],[5244.412999999997],0.09630503334309846,9.630503334309847,0.09630503334309846,0.09630503334309846,11
Lao People's Democratic Republic,2015,[5968.9],[5549.372999999997],0.07028547973663536,7.028547973663536,0.07028547973663536,0.07028547973663536,11
Lao People's Democratic Republic,2016,[5995.8],[5770.093000000003],0.037644184262316555,3.7644184262316553,0.037644184262316555,0.037644184262316555,11
Lao People's Democratic Republic,2017,[5755.7],[5668.780999999999],0.01510137776465083,1.510137776465083,0.01510137776465083,0.01510137776465083,11
Lao People's Democratic Republic,2018,[5927.3],[5150.650999999998],0.1310291363690048,13.102913636900478,0.1310291363690048,0.1310291363690048,11
Lao People's Democratic Republic,2019,[5230.2],[5542.006999999997],0.059616649458911146,5.961664945891115,0.059616649458911146,-0.059616649458911146,11
Lao People's Democratic Republic,2020,[5225.6],[5634.151],0.07818260104102867,7.818260104102867,0.07818260104102867,-0.07818260104102867,11
Lao People's Democratic Republic,2021,[4826.0],[5480.0899999999965],0.13553460422710248,13.553460422710248,0.13553460422710248,-0.13553460422710248,11
Lao People's Democratic Republic,2022,[4989.4],[5269.752999999996],0.05618972221108679,5.618972221108679,0.05618972221108679,-0.05618972221108679,11
El Salvador,1987,[2073.8],[1897.8899999999994],0.08482495901244129,8.482495901244128,0.08482495901244129,0.08482495901244129,3
El Salvador,1988,[2113.7],[1981.6759999999995],0.06246108719307392,6.246108719307393,0.06246108719307392,0.06246108719307392,3
El Salvador,1989,[2130.1],[2003.4130000000005],0.05947467255058422,5.947467255058422,0.05947467255058422,0.05947467255058422,3
El Salvador,1990,[2138.3],[2075.2250000000013],0.02949773184305238,2.949773184305238,0.02949773184305238,0.02949773184305238,3
El Salvador,1991,[1644.8],[2012.1940000000002],0.22336697470817135,22.336697470817136,0.22336697470817135,-0.22336697470817135,3
El Salvador,1992,[2198.9],[2038.3749999999993],0.07300241029605747,7.300241029605747,0.07300241029605747,0.07300241029605747,3
El Salvador,1993,[2048.2],[2104.921000000001],0.027693096377307574,2.7693096377307573,0.027693096377307574,-0.027693096377307574,3
El Salvador,1994,[1524.5],[1858.0509999999997],0.21879370285339436,21.879370285339437,0.21879370285339436,-0.21879370285339436,3
El Salvador,1995,[2197.2],[2036.0880000000013],0.07332605133806595,7.332605133806595,0.07332605133806595,0.07332605133806595,3
El Salvador,1996,[2257.2],[2094.344000000001],0.07214956583377587,7.214956583377587,0.07214956583377587,0.07214956583377587,3
El Salvador,1997,[1658.2],[1794.0519999999995],0.08192739114702653,8.192739114702654,0.08192739114702653,-0.08192739114702653,3
El Salvador,1998,[1906.2],[2146.6890000000017],0.12616147308781955,12.616147308781954,0.12616147308781955,-0.12616147308781955,3
El Salvador,1999,[2504.7],[2140.2790000000023],0.1454948696450663,14.549486964506631,0.1454948696450663,0.1454948696450663,3
El Salvador,2000,[2247.5],[1741.4820000000002],0.22514705228031137,22.514705228031136,0.22514705228031137,0.22514705228031137,3
El Salvador,2001,[1943.1],[1817.2300000000002],0.06477793217024326,6.477793217024326,0.06477793217024326,0.06477793217024326,3
El Salvador,2002,[2604.1],[2006.0150000000012],0.22967051956530038,22.96705195653004,0.22967051956530038,0.22967051956530038,3
El Salvador,2003,[2747.1],[2334.989000000003],0.15001674493101697,15.001674493101696,0.15001674493101697,0.15001674493101697,3
El Salvador,2004,[2764.1],[2378.625000000003],0.1394576896639039,13.94576896639039,0.1394576896639039,0.1394576896639039,3
El Salvador,2005,[2943.4],[2631.817000000004],0.1058581912074458,10.58581912074458,0.1058581912074458,0.1058581912074458,3
El Salvador,2006,[3079.4],[2710.3200000000015],0.11985451711372298,11.9854517113723,0.11985451711372298,0.11985451711372298,3
El Salvador,2007,[2910.7],[2802.8980000000006],0.037036451712646176,3.7036451712646175,0.037036451712646176,0.037036451712646176,3
El Salvador,2008,[3389.5],[2921.955000000002],0.1379392240743466,13.79392240743466,0.1379392240743466,0.1379392240743466,3
El Salvador,2009,[3004.1],[2996.803000000002],0.002429013681301472,0.2429013681301472,0.002429013681301472,0.002429013681301472,3
El Salvador,2010,[3025.3],[3072.299000000002],0.015535318811358084,1.5535318811358083,0.015535318811358084,-0.015535318811358084,3
El Salvador,2011,[2818.1],[3162.573],0.1222359036230084,12.22359036230084,0.1222359036230084,-0.1222359036230084,3
El Salvador,2012,[3258.0],[2910.561000000001],0.1066418047882133,10.664180478821331,0.1066418047882133,0.1066418047882133,3
El Salvador,2013,[2946.1],[3050.1020000000003],0.035301585146464955,3.5301585146464953,0.035301585146464955,-0.035301585146464955,3
El Salvador,2014,[2606.4],[3106.516000000001],0.19187998772252948,19.18799877225295,0.19187998772252948,-0.19187998772252948,3
El Salvador,2015,[2511.0],[2935.3449999999993],0.16899442453205868,16.899442453205868,0.16899442453205868,-0.16899442453205868,3
El Salvador,2016,[3042.5],[2775.7450000000013],0.08767625308134716,8.767625308134717,0.08767625308134716,0.08767625308134716,3
El Salvador,2017,[3186.7],[2920.6650000000013],0.08348291335864641,8.34829133586464,0.08348291335864641,0.08348291335864641,3
El Salvador,2018,[2531.2],[3003.885000000001],0.18674344184576538,18.674344184576537,0.18674344184576538,-0.18674344184576538,3
El Salvador,2019,[2971.5],[2806.9670000000024],0.0553703516742378,5.53703516742378,0.0553703516742378,0.0553703516742378,3
El Salvador,2020,[2949.4],[2964.959000000002],0.005275310232590363,0.5275310232590363,0.005275310232590363,-0.005275310232590363,3
El Salvador,2021,[3177.1],[2954.723000000001],0.0699937049510557,6.99937049510557,0.0699937049510557,0.0699937049510557,3
El Salvador,2022,[2896.6],[2981.1670000000013],0.029195263412276937,2.919526341227694,0.029195263412276937,-0.029195263412276937,3
Ghana,1987,[1090.7],[1062.878000000001],0.025508389107911412,2.5508389107911413,0.025508389107911412,0.025508389107911412,3
Ghana,1988,[1390.7],[1088.5049999999999],0.2172970446537716,21.729704465377157,0.2172970446537716,0.2172970446537716,3
Ghana,1989,[1261.0],[1223.0329999999988],0.03010864393338718,3.0108643933387182,0.03010864393338718,0.03010864393338718,3
Ghana,1990,[1188.9],[1208.1969999999992],0.01623096980401978,1.623096980401978,0.01623096980401978,-0.01623096980401978,3
Ghana,1991,[1526.0],[1243.454999999999],0.18515399737876867,18.515399737876866,0.18515399737876867,0.18515399737876867,3
Ghana,1992,[1204.0],[1376.586],0.14334385382059803,14.334385382059804,0.14334385382059803,-0.14334385382059803,3
Ghana,1993,[1509.2],[1259.8439999999996],0.16522395971375592,16.52239597137559,0.16522395971375592,0.16522395971375592,3
Ghana,1994,[1493.3],[1380.4459999999992],0.07557356190986454,7.557356190986455,0.07557356190986454,0.07557356190986454,3
Ghana,1995,[1502.0],[1348.4039999999995],0.10226098535286315,10.226098535286315,0.10226098535286315,0.10226098535286315,3
Ghana,1996,[1515.3],[1317.0569999999998],0.13082755889922798,13.082755889922797,0.13082755889922798,0.13082755889922798,3
Ghana,1997,[1528.5],[1454.4659999999997],0.048435721295387854,4.843572129538785,0.048435721295387854,0.048435721295387854,3
Ghana,1998,[1485.0],[1423.0250000000003],0.04173400673400652,4.173400673400652,0.04173400673400652,0.04173400673400652,3
Ghana,1999,[1455.7],[1462.7339999999995],0.0048320395685920335,0.48320395685920337,0.0048320395685920335,-0.0048320395685920335,3
Ghana,2000,[1457.8],[1468.4119999999996],0.0072794622033198145,0.7279462203319814,0.0072794622033198145,-0.0072794622033198145,3
Ghana,2001,[1315.0],[1308.449],0.004981749049429605,0.4981749049429605,0.004981749049429605,0.004981749049429605,3
Ghana,2002,[1490.0],[1290.5019999999997],0.13389127516778543,13.389127516778544,0.13389127516778543,0.13389127516778543,3
Ghana,2003,[1627.2],[1469.362],0.09699975417895769,9.69997541789577,0.09699975417895769,0.09699975417895769,3
Ghana,2004,[1579.4],[1507.8570000000002],0.04529758136001006,4.529758136001006,0.04529758136001006,0.04529758136001006,3
Ghana,2005,[1561.3],[1530.605999999999],0.01965925831038293,1.965925831038293,0.01965925831038293,0.01965925831038293,3
Ghana,2006,[1499.4],[1481.214],0.012128851540616345,1.2128851540616346,0.012128851540616345,0.012128851540616345,3
Ghana,2007,[1543.7],[1455.259999999999],0.05729092440241042,5.7290924402410415,0.05729092440241042,0.05729092440241042,3
Ghana,2008,[1737.1],[1517.9029999999996],0.12618559668412893,12.618559668412892,0.12618559668412893,0.12618559668412893,3
Ghana,2009,[1696.9],[1616.6710000000007],0.047279745418115006,4.7279745418115,0.047279745418115006,0.047279745418115006,3
Ghana,2010,[1887.4],[1655.6309999999992],0.12279802903465133,12.279802903465132,0.12279802903465133,0.12279802903465133,3
Ghana,2011,[1645.8],[1706.7839999999999],0.037054320087495395,3.7054320087495394,0.037054320087495395,-0.037054320087495395,3
Ghana,2012,[1871.2],[1724.1499999999987],0.07858593415989809,7.858593415989809,0.07858593415989809,0.07858593415989809,3
Ghana,2013,[1724.0],[1732.2129999999995],0.004763921113688811,0.4763921113688811,0.004763921113688811,-0.004763921113688811,3
Ghana,2014,[1729.1],[1707.039999999999],0.012758082239315746,1.2758082239315747,0.012758082239315746,0.012758082239315746,3
Ghana,2015,[1921.8],[1661.8610000000006],0.13525809137267114,13.525809137267114,0.13525809137267114,0.13525809137267114,3
Ghana,2016,[1950.0],[1809.3369999999989],0.07213487179487238,7.213487179487238,0.07213487179487238,0.07213487179487238,3
Ghana,2017,[2011.2],[1870.5589999999993],0.069928898170247,6.9928898170247,0.069928898170247,0.069928898170247,3
Ghana,2018,[2258.9],[1745.1040000000012],0.2274540705653189,22.745407056531892,0.2274540705653189,0.2274540705653189,3
Ghana,2019,[2531.3],[1996.1139999999991],0.21142732983052226,21.142732983052227,0.21142732983052226,0.21142732983052226,3
Ghana,2020,[2582.8],[2222.7369999999996],0.13940800681431026,13.940800681431027,0.13940800681431026,0.13940800681431026,3
Ghana,2021,[2530.0],[2309.010999999997],0.0873474308300408,8.73474308300408,0.0873474308300408,0.0873474308300408,3
Ghana,2022,[2504.4],[2273.1389999999988],0.09234187829420273,9.234187829420273,0.09234187829420273,0.09234187829420273,3
Botswana,1987,[606.5],[243.51899999999972],0.5984847485572964,59.84847485572964,0.5984847485572964,0.5984847485572964,6
Botswana,1988,[232.2],[352.6509999999996],0.518738156761411,51.8738156761411,0.518738156761411,-0.518738156761411,6
Botswana,1989,[377.9],[351.8459999999998],0.06894416512304896,6.894416512304896,0.06894416512304896,0.06894416512304896,6
Botswana,1990,[289.9],[360.797],0.24455674370472597,24.455674370472597,0.24455674370472597,-0.24455674370472597,6
Botswana,1991,[396.2],[329.1760000000002],0.16916708732963093,16.916708732963095,0.16916708732963093,0.16916708732963093,6
Botswana,1992,[189.9],[354.5900000000001],0.867245918904687,86.7245918904687,0.867245918904687,-0.867245918904687,6
Botswana,1993,[135.3],[246.49899999999994],0.8218699186991864,82.18699186991863,0.8218699186991864,-0.8218699186991864,6
Botswana,1994,[169.8],[231.22699999999998],0.3617608951707889,36.17608951707889,0.3617608951707889,-0.3617608951707889,6
Botswana,1995,[947.7],[360.93600000000015],0.619145299145299,61.9145299145299,0.619145299145299,0.619145299145299,6
Botswana,1996,[246.3],[401.50100000000015],0.6301299228583034,63.012992285830336,0.6301299228583034,-0.6301299228583034,6
Botswana,1997,[286.7],[287.69899999999996],0.003484478549005814,0.3484478549005814,0.003484478549005814,-0.003484478549005814,6
Botswana,1998,[91.0],[250.92500000000004],1.7574175824175828,175.74175824175828,1.7574175824175828,-1.7574175824175828,6
Botswana,1999,[111.1],[190.71899999999982],0.7166426642664251,71.66426642664251,0.7166426642664251,-0.7166426642664251,6
Botswana,2000,[112.3],[214.84400000000005],0.9131255565449693,91.31255565449693,0.9131255565449693,-0.9131255565449693,6
Botswana,2001,[199.2],[324.76500000000027],0.6303463855421702,63.03463855421702,0.6303463855421702,-0.6303463855421702,6
Botswana,2002,[294.7],[257.39500000000027],0.12658635900916093,12.658635900916092,0.12658635900916093,0.12658635900916093,6
Botswana,2003,[214.4],[389.87],0.8184235074626866,81.84235074626865,0.8184235074626866,-0.8184235074626866,6
Botswana,2004,[174.3],[139.68500000000003],0.19859437751004003,19.859437751004002,0.19859437751004003,0.19859437751004003,6
Botswana,2005,[229.7],[232.82500000000022],0.013604701784937865,1.3604701784937865,0.013604701784937865,-0.013604701784937865,6
Botswana,2006,[251.1],[203.58900000000017],0.1892114695340495,18.92114695340495,0.1892114695340495,0.1892114695340495,6
Botswana,2007,[121.9],[270.02600000000035],1.2151435602953269,121.51435602953269,1.2151435602953269,-1.2151435602953269,6
Botswana,2008,[184.4],[204.674],0.10994577006507593,10.994577006507592,0.10994577006507593,-0.10994577006507593,6
Botswana,2009,[242.9],[215.43099999999987],0.11308769040757569,11.308769040757568,0.11308769040757569,0.11308769040757569,6
Botswana,2010,[161.7],[216.292],0.3376128633271491,33.76128633271491,0.3376128633271491,-0.3376128633271491,6
Botswana,2011,[347.3],[225.25300000000033],0.35141664267204054,35.14166426720406,0.35141664267204054,0.35141664267204054,6
Botswana,2012,[137.0],[217.6210000000001],0.5884744525547452,58.84744525547452,0.5884744525547452,-0.5884744525547452,6
Botswana,2013,[84.9],[222.54200000000003],1.6212249705535926,162.12249705535925,1.6212249705535926,-1.6212249705535926,6
Botswana,2014,[274.0],[184.72199999999987],0.32583211678832164,32.583211678832164,0.32583211678832164,0.32583211678832164,6
Botswana,2015,[255.2],[192.838],0.24436520376175547,24.436520376175547,0.24436520376175547,0.24436520376175547,6
Botswana,2016,[250.3],[205.22500000000002],0.18008389932081498,18.0083899320815,0.18008389932081498,0.18008389932081498,6
Botswana,2017,[240.3],[233.575],0.02798585101955898,2.798585101955898,0.02798585101955898,0.02798585101955898,6
Botswana,2018,[321.5],[189.737],0.40983825816485225,40.98382581648522,0.40983825816485225,0.40983825816485225,6
Botswana,2019,[202.9],[284.2289999999999],0.4008329226219809,40.083292262198086,0.4008329226219809,-0.4008329226219809,6
Botswana,2020,[667.0],[204.31599999999997],0.6936791604197902,69.36791604197902,0.6936791604197902,0.6936791604197902,6
Botswana,2021,[798.0],[441.38199999999995],0.446889724310777,44.6889724310777,0.446889724310777,0.446889724310777,6
Botswana,2022,[502.7],[619.48],0.23230555002983894,23.230555002983895,0.23230555002983894,-0.23230555002983894,6
Egypt,1987,[4757.1],[4617.005999999999],0.029449454499590286,2.9449454499590284,0.029449454499590286,0.029449454499590286,4
Egypt,1988,[4965.0],[4662.632999999996],0.06089969788519715,6.089969788519714,0.06089969788519715,0.06089969788519715,4
Egypt,1989,[5380.4],[4710.739999999999],0.12446286521448234,12.446286521448235,0.12446286521448234,0.12446286521448234,4
Egypt,1990,[5780.3],[5038.400000000002],0.12834973963289065,12.834973963289064,0.12834973963289065,0.12834973963289065,4
Egypt,1991,[5895.1],[5053.364999999995],0.14278553374836814,14.278553374836815,0.14278553374836814,0.14278553374836814,4
Egypt,1992,[6134.6],[5126.028999999994],0.16440697029961304,16.440697029961303,0.16440697029961304,0.16440697029961304,4
Egypt,1993,[6078.0],[5281.289999999995],0.1310809476801587,13.10809476801587,0.1310809476801587,0.1310809476801587,4
Egypt,1994,[5906.5],[5582.574999999995],0.05484212308473795,5.484212308473795,0.05484212308473795,0.05484212308473795,4
Egypt,1995,[6163.0],[5871.525999999997],0.047294174914814684,4.729417491481469,0.047294174914814684,0.047294174914814684,4
Egypt,1996,[6952.3],[6059.665999999998],0.12839405664312556,12.839405664312556,0.12839405664312556,0.12839405664312556,4
Egypt,1997,[7129.8],[6407.368999999999],0.10132556312940073,10.132556312940073,0.10132556312940073,0.10132556312940073,4
Egypt,1998,[7225.7],[6732.0660000000025],0.06831642609020543,6.831642609020543,0.06831642609020543,0.06831642609020543,4
Egypt,1999,[7517.4],[6918.381000000002],0.0796843323489501,7.96843323489501,0.0796843323489501,0.0796843323489501,4
Egypt,2000,[7680.0],[6902.836000000001],0.10119322916666652,10.119322916666652,0.10119322916666652,0.10119322916666652,4
Egypt,2001,[6979.8],[7262.842000000004],0.04055159173615347,4.055159173615347,0.04055159173615347,-0.04055159173615347,4
Egypt,2002,[7765.6],[7020.235999999999],0.09598279592046995,9.598279592046994,0.09598279592046995,0.09598279592046995,4
Egypt,2003,[7829.3],[7238.846000000001],0.07541593756785393,7.541593756785393,0.07541593756785393,0.07541593756785393,4
Egypt,2004,[7908.7],[7393.191],0.0651825205153818,6.51825205153818,0.0651825205153818,0.0651825205153818,4
Egypt,2005,[8160.7],[7413.441000000005],0.0915680027448619,9.15680027448619,0.0915680027448619,0.0915680027448619,4
Egypt,2006,[8370.5],[7813.779999999999],0.0665097664416703,6.65097664416703,0.0665097664416703,0.0665097664416703,4
Egypt,2007,[8046.3],[7731.148999999998],0.03916719485974952,3.916719485974952,0.03916719485974952,0.03916719485974952,4
Egypt,2008,[7905.3],[7855.901000000002],0.006248845711105021,0.6248845711105021,0.006248845711105021,0.006248845711105021,4
Egypt,2009,[7818.4],[7698.692000000005],0.01531106108666672,1.531106108666672,0.01531106108666672,0.01531106108666672,4
Egypt,2010,[7270.0],[7731.356000000009],0.06346024759284853,6.3460247592848535,0.06346024759284853,-0.06346024759284853,4
Egypt,2011,[7740.9],[7880.852999999999],0.01807968065728785,1.8079680657287849,0.01807968065728785,-0.01807968065728785,4
Egypt,2012,[7772.3],[7626.552000000003],0.018752235503003856,1.8752235503003856,0.018752235503003856,0.018752235503003856,4
Egypt,2013,[7722.3],[7686.294000000007],0.004662600520569394,0.46626005205693943,0.004662600520569394,0.004662600520569394,4
Egypt,2014,[7755.6],[7613.7940000000035],0.018284336479446703,1.8284336479446703,0.018284336479446703,0.018284336479446703,4
Egypt,2015,[7354.6],[7714.592000000001],0.048947869360672254,4.894786936067225,0.048947869360672254,-0.048947869360672254,4
Egypt,2016,[7607.1],[7509.209999999992],0.0128682415112209,1.28682415112209,0.0128682415112209,0.0128682415112209,4
Egypt,2017,[7789.5],[7535.762999999995],0.0325742345465055,3.2574234546505503,0.0325742345465055,0.0325742345465055,4
Egypt,2018,[7516.2],[7489.364999999991],0.0035702881775377363,0.35702881775377365,0.0035702881775377363,0.0035702881775377363,4
Egypt,2019,[4951.3],[7686.753000000002],0.5524716741057908,55.24716741057908,0.5524716741057908,-0.5524716741057908,4
Egypt,2020,[7776.7],[5947.412999999998],0.23522663854848486,23.522663854848485,0.23522663854848486,0.23522663854848486,4
Egypt,2021,[7827.6],[7163.973999999999],0.08478026470437951,8.478026470437952,0.08478026470437951,0.08478026470437951,4
Egypt,2022,[8064.5],[7429.856000000003],0.07869601339202636,7.869601339202637,0.07869601339202636,0.07869601339202636,4
Ecuador,1987,[916.3],[1192.429999999998],0.30135326858015726,30.135326858015727,0.30135326858015726,-0.30135326858015726,1
Ecuador,1988,[881.6],[1076.7749999999994],0.22138725045371982,22.13872504537198,0.22138725045371982,-0.22138725045371982,1
Ecuador,1989,[1091.7],[1048.6299999999997],0.039452230466245665,3.9452230466245664,0.039452230466245665,0.039452230466245665,1
Ecuador,1990,[1060.2],[1063.9269999999995],0.003515374457648941,0.3515374457648941,0.003515374457648941,-0.003515374457648941,1
Ecuador,1991,[1382.1],[1153.9079999999985],0.1651052745821586,16.510527458215858,0.1651052745821586,0.1651052745821586,1
Ecuador,1992,[1041.6],[1243.5559999999994],0.19389016897081363,19.389016897081362,0.19389016897081363,-0.19389016897081363,1
Ecuador,1993,[1144.2],[1069.2610000000004],0.06549466876420174,6.5494668764201736,0.06549466876420174,0.06549466876420174,1
Ecuador,1994,[1120.8],[1245.2329999999995],0.11102159172019944,11.102159172019945,0.11102159172019944,-0.11102159172019944,1
Ecuador,1995,[1155.1],[1085.3],0.060427668600121165,6.042766860012117,0.060427668600121165,0.060427668600121165,1
Ecuador,1996,[1142.5],[1176.2550000000003],0.02954485776805281,2.954485776805281,0.02954485776805281,-0.02954485776805281,1
Ecuador,1997,[1148.2],[1229.8180000000002],0.07108343494164794,7.108343494164794,0.07108343494164794,-0.07108343494164794,1
Ecuador,1998,[1074.3],[1105.89],0.029405194079866095,2.9405194079866095,0.029405194079866095,-0.029405194079866095,1
Ecuador,1999,[1181.3],[1120.4210000000007],0.05153559637687228,5.153559637687228,0.05153559637687228,0.05153559637687228,1
Ecuador,2000,[1461.4],[1202.5550000000007],0.17712125359244515,17.712125359244517,0.17712125359244515,0.17712125359244515,1
Ecuador,2001,[764.2],[1162.9260000000006],0.5217560847945572,52.17560847945572,0.5217560847945572,-0.5217560847945572,1
Ecuador,2002,[1431.9],[971.3229999999998],0.32165444514281744,32.165444514281745,0.32165444514281744,0.32165444514281744,1
Ecuador,2003,[1689.8],[1152.5279999999984],0.3179500532607418,31.795005326074183,0.3179500532607418,0.3179500532607418,1
Ecuador,2004,[1884.1],[1361.7240000000002],0.2772549227747995,27.72549227747995,0.2772549227747995,0.2772549227747995,1
Ecuador,2005,[2123.2],[1449.6440000000005],0.3172362471740766,31.72362471740766,0.3172362471740766,0.3172362471740766,1
Ecuador,2006,[1877.6],[1437.6270000000004],0.23432733276523196,23.432733276523194,0.23432733276523196,0.23432733276523196,1
Ecuador,2007,[2310.5],[1778.234000000002],0.23036831854576847,23.036831854576846,0.23036831854576847,0.23036831854576847,1
Ecuador,2008,[2244.2],[1898.3370000000016],0.1541141609482213,15.411416094822131,0.1541141609482213,0.1541141609482213,1
Ecuador,2009,[2200.3],[2133.7150000000024],0.03026178248420568,3.026178248420568,0.03026178248420568,0.03026178248420568,1
Ecuador,2010,[2234.8],[2162.069000000002],0.032544746733487735,3.2544746733487737,0.032544746733487735,0.032544746733487735,1
Ecuador,2011,[1667.2],[2187.2729999999992],0.31194397792706285,31.194397792706287,0.31194397792706285,-0.31194397792706285,1
Ecuador,2012,[2732.4],[1991.6289999999997],0.2711063533889622,27.110635338896223,0.2711063533889622,0.2711063533889622,1
Ecuador,2013,[2370.2],[2079.1250000000005],0.12280609231288472,12.280609231288473,0.12280609231288472,0.12280609231288472,1
Ecuador,2014,[3433.6],[1966.9100000000014],0.42715808480894646,42.715808480894644,0.42715808480894646,0.42715808480894646,1
Ecuador,2015,[4466.9],[2872.9650000000024],0.35683247890035535,35.68324789003554,0.35683247890035535,0.35683247890035535,1
Ecuador,2016,[3564.6],[3600.2760000000017],0.010008416091567567,1.0008416091567567,0.010008416091567567,-0.010008416091567567,1
Ecuador,2017,[4002.3],[3254.0159999999996],0.186963495989806,18.6963495989806,0.186963495989806,0.186963495989806,1
Ecuador,2018,[3624.5],[3080.393000000002],0.15011918885363448,15.011918885363448,0.15011918885363448,0.15011918885363448,1
Ecuador,2019,[4583.5],[3595.15],0.21563215883058795,21.563215883058795,0.21563215883058795,0.21563215883058795,1
Ecuador,2020,[3823.3],[4029.49],0.05392985117568582,5.392985117568582,0.05392985117568582,-0.05392985117568582,1
Ecuador,2021,[4641.3],[3504.605],0.24490875401288434,24.490875401288434,0.24490875401288434,0.24490875401288434,1
Ecuador,2022,[4527.6],[3893.390999999997],0.14007619931089393,14.007619931089394,0.14007619931089393,0.14007619931089393,1
Zambia,1987,[1744.7],[1855.8180000000011],0.06368888634149199,6.368888634149199,0.06368888634149199,-0.06368888634149199,11
Zambia,1988,[2687.4],[1857.974000000002],0.3086351120041669,30.86351120041669,0.3086351120041669,0.3086351120041669,11
Zambia,1989,[1807.8],[2271.6269999999986],0.2565698639229996,25.656986392299956,0.2565698639229996,-0.2565698639229996,11
Zambia,1990,[1431.6],[2183.627999999999],0.5253059513830671,52.530595138306715,0.5253059513830671,-0.5253059513830671,11
Zambia,1991,[1714.0],[1844.1020000000017],0.07590548424737555,7.5905484247375545,0.07590548424737555,-0.07590548424737555,11
Zambia,1992,[731.1],[2045.2690000000014],1.7975229106825348,179.75229106825347,1.7975229106825348,-1.7975229106825348,11
Zambia,1993,[2522.8],[1801.9160000000004],0.2857475820516885,28.57475820516885,0.2857475820516885,0.2857475820516885,11
Zambia,1994,[1502.5],[1805.0860000000002],0.20138835274542446,20.138835274542448,0.20138835274542446,-0.20138835274542446,11
Zambia,1995,[1418.5],[1245.3210000000006],0.12208600634472994,12.208600634472994,0.12208600634472994,0.12208600634472994,11
Zambia,1996,[2086.4],[1705.1380000000008],0.18273677147239228,18.27367714723923,0.18273677147239228,0.18273677147239228,11
Zambia,1997,[1479.4],[2043.8899999999985],0.3815668514262528,38.15668514262528,0.3815668514262528,-0.3815668514262528,11
Zambia,1998,[1250.3],[1592.2509999999997],0.2734951611613211,27.34951611613211,0.2734951611613211,-0.2734951611613211,11
Zambia,1999,[1375.9],[1973.526999999999],0.4343535140635212,43.43535140635212,0.4343535140635212,-0.4343535140635212,11
Zambia,2000,[1772.0],[1902.2699999999982],0.07351580135440076,7.351580135440076,0.07351580135440076,-0.07351580135440076,11
Zambia,2001,[1378.0],[1771.2089999999992],0.2853476052249631,28.53476052249631,0.2853476052249631,-0.2853476052249631,11
Zambia,2002,[1670.9],[1582.192],0.05308995152313129,5.30899515231313,0.05308995152313129,0.05308995152313129,11
Zambia,2003,[1725.6],[1605.1939999999993],0.06977630968938377,6.977630968938377,0.06977630968938377,0.06977630968938377,11
Zambia,2004,[1923.9],[1942.5999999999985],0.00971983990851835,0.971983990851835,0.00971983990851835,-0.00971983990851835,11
Zambia,2005,[1859.4],[1396.4930000000004],0.24895503925997617,24.895503925997616,0.24895503925997617,0.24895503925997617,11
Zambia,2006,[2301.3],[1895.560999999998],0.17630860817798724,17.630860817798723,0.17630860817798724,0.17630860817798724,11
Zambia,2007,[2334.2],[2019.3219999999978],0.13489760945934454,13.489760945934453,0.13489760945934454,0.13489760945934454,11
Zambia,2008,[2244.2],[2176.040999999999],0.030371179039301765,3.0371179039301763,0.030371179039301765,0.030371179039301765,11
Zambia,2009,[2069.2],[2204.2499999999995],0.06526676976609305,6.526676976609306,0.06526676976609305,-0.06526676976609305,11
Zambia,2010,[2587.1],[2129.569],0.17685091415097984,17.685091415097983,0.17685091415097984,0.17685091415097984,11
Zambia,2011,[2741.4],[2095.9010000000007],0.23546326694389702,23.546326694389702,0.23546326694389702,0.23546326694389702,11
Zambia,2012,[2654.5],[2343.7039999999997],0.11708268977208525,11.708268977208524,0.11708268977208525,0.11708268977208525,11
Zambia,2013,[2538.2],[2435.4469999999988],0.040482625482625906,4.04826254826259,0.040482625482625906,0.040482625482625906,11
Zambia,2014,[2780.2],[2367.2039999999997],0.14854902524998206,14.854902524998206,0.14854902524998206,0.14854902524998206,11
Zambia,2015,[3031.0],[2390.791000000002],0.21122038931045795,21.122038931045793,0.21122038931045795,0.21122038931045795,11
Zambia,2016,[2481.6],[2619.6110000000017],0.05561371695680278,5.561371695680278,0.05561371695680278,-0.05561371695680278,11
Zambia,2017,[2515.1],[2487.9180000000024],0.010807522563714173,1.0807522563714174,0.010807522563714173,0.010807522563714173,11
Zambia,2018,[2205.2],[2539.0700000000015],0.1514012334482141,15.14012334482141,0.1514012334482141,-0.1514012334482141,11
Zambia,2019,[2381.4],[1751.3499999999995],0.2645712606030069,26.45712606030069,0.2645712606030069,0.2645712606030069,11
Zambia,2020,[2540.2],[2128.0710000000017],0.1622427367923778,16.22427367923778,0.1622427367923778,0.1622427367923778,11
Zambia,2021,[2567.4],[2463.8550000000037],0.04033068473942371,4.033068473942371,0.04033068473942371,0.04033068473942371,11
Zambia,2022,[2426.1],[2365.420000000003],0.02501133506450563,2.501133506450563,0.02501133506450563,0.02501133506450563,11
Togo,1987,[765.2],[782.9730000000004],0.02322660742289645,2.322660742289645,0.02322660742289645,-0.02322660742289645,3
Togo,1988,[1109.9],[788.2379999999996],0.289811694747275,28.981169474727498,0.289811694747275,0.289811694747275,3
Togo,1989,[1073.4],[828.555999999999],0.22810136016396595,22.810136016396594,0.22810136016396595,0.22810136016396595,3
Togo,1990,[965.3],[992.1169999999987],0.027781000725161875,2.7781000725161875,0.027781000725161875,-0.027781000725161875,3
Togo,1991,[906.0],[856.4249999999992],0.05471854304635854,5.471854304635855,0.05471854304635854,0.05471854304635854,3
Togo,1992,[1014.0],[855.9229999999995],0.15589447731755468,15.589447731755468,0.15589447731755468,0.15589447731755468,3
Togo,1993,[1159.9],[884.4619999999996],0.23746702301922615,23.746702301922614,0.23746702301922615,0.23746702301922615,3
Togo,1994,[930.6],[993.4039999999995],0.06748764238125889,6.748764238125888,0.06748764238125889,-0.06748764238125889,3
Togo,1995,[855.3],[900.1069999999996],0.052387466386062995,5.238746638606299,0.052387466386062995,-0.052387466386062995,3
Togo,1996,[940.4],[967.9430000000002],0.02928860059549153,2.928860059549153,0.02928860059549153,-0.02928860059549153,3
Togo,1997,[1067.6],[950.891],0.10931903334582237,10.931903334582236,0.10931903334582237,0.10931903334582237,3
Togo,1998,[867.3],[970.5260000000002],0.11901994696183585,11.901994696183586,0.11901994696183585,-0.11901994696183585,3
Togo,1999,[1197.9],[959.4080000000005],0.19909174388513198,19.909174388513197,0.19909174388513198,0.19909174388513198,3
Togo,2000,[1202.0],[1005.4209999999996],0.16354326123128154,16.354326123128153,0.16354326123128154,0.16354326123128154,3
Togo,2001,[1307.1],[1045.3299999999992],0.20026776834213195,20.026776834213194,0.20026776834213195,0.20026776834213195,3
Togo,2002,[1265.2],[1142.716],0.09680999051533366,9.680999051533366,0.09680999051533366,0.09680999051533366,3
Togo,2003,[1272.8],[1181.6359999999993],0.07162476429918344,7.162476429918343,0.07162476429918344,0.07162476429918344,3
Togo,2004,[1092.0],[1224.803],0.12161446886446897,12.161446886446898,0.12161446886446897,-0.12161446886446897,3
Togo,2005,[1157.7],[1176.1860000000001],0.0159678673231408,1.5967867323140799,0.0159678673231408,-0.0159678673231408,3
Togo,2006,[1155.1],[1222.2600000000002],0.05814215219461546,5.814215219461546,0.05814215219461546,-0.05814215219461546,3
Togo,2007,[1166.4],[1168.5049999999999],0.0018046982167350743,0.18046982167350742,0.0018046982167350743,-0.0018046982167350743,3
Togo,2008,[1192.2],[1152.2389999999996],0.03351870491528306,3.351870491528306,0.03351870491528306,0.03351870491528306,3
Togo,2009,[1255.9],[1137.8470000000002],0.09399872601321752,9.399872601321752,0.09399872601321752,0.09399872601321752,3
Togo,2010,[1193.7],[1170.9439999999988],0.019063416268745265,1.9063416268745266,0.019063416268745265,0.019063416268745265,3
Togo,2011,[1245.3],[1210.0149999999987],0.028334537862363462,2.8334537862363463,0.028334537862363462,0.028334537862363462,3
Togo,2012,[1191.4],[1189.2939999999983],0.001767668289408942,0.17676682894089418,0.001767668289408942,0.001767668289408942,3
Togo,2013,[924.4],[1205.9569999999997],0.30458351363046265,30.458351363046265,0.30458351363046265,-0.30458351363046265,3
Togo,2014,[1195.9],[1062.7529999999992],0.11133623212643268,11.133623212643268,0.11133623212643268,0.11133623212643268,3
Togo,2015,[1389.5],[1168.899],0.1587628643396906,15.876286433969062,0.1587628643396906,0.1587628643396906,3
Togo,2016,[1223.5],[1259.8149999999996],0.029681242337555865,2.9681242337555864,0.029681242337555865,-0.029681242337555865,3
Togo,2017,[1230.8],[1244.7419999999993],0.011327591810204197,1.1327591810204196,0.011327591810204197,-0.011327591810204197,3
Togo,2018,[1239.6],[1178.6219999999992],0.0491916747337857,4.91916747337857,0.0491916747337857,0.0491916747337857,3
Togo,2019,[1227.1],[1214.2319999999997],0.010486512916632848,1.0486512916632849,0.010486512916632848,0.010486512916632848,3
Togo,2020,[1226.0],[1228.5970000000011],0.0021182707993483824,0.21182707993483824,0.0021182707993483824,-0.0021182707993483824,3
Togo,2021,[1230.2],[1240.2270000000005],0.008150707202081367,0.8150707202081368,0.008150707202081367,-0.008150707202081367,3
Togo,2022,[1253.8],[1171.234],0.06585260807146279,6.585260807146279,0.06585260807146279,0.06585260807146279,3
Philippines,1987,[1161.7],[1119.1649999999993],0.03661444434879983,3.661444434879983,0.03661444434879983,0.03661444434879983,1
Philippines,1988,[1182.3],[1140.2959999999991],0.035527361921678775,3.5527361921678775,0.035527361921678775,0.035527361921678775,1
Philippines,1989,[1225.8],[1151.1139999999996],0.060928373307228244,6.0928373307228245,0.060928373307228244,0.060928373307228244,1
Philippines,1990,[1335.8],[1177.8440000000007],0.1182482407546034,11.82482407546034,0.1182482407546034,0.1182482407546034,1
Philippines,1991,[1296.9],[1210.286000000001],0.06678541136556336,6.678541136556336,0.06678541136556336,0.06678541136556336,1
Philippines,1992,[1386.5],[1213.8169999999993],0.12454597908402501,12.454597908402501,0.12454597908402501,0.12454597908402501,1
Philippines,1993,[1523.5],[1262.4179999999997],0.17136987200525128,17.136987200525127,0.17136987200525128,0.17136987200525128,1
Philippines,1994,[1503.5],[1368.717],0.08964615896242095,8.964615896242096,0.08964615896242095,0.08964615896242095,1
Philippines,1995,[1533.4],[1412.876],0.07859919133950705,7.859919133950704,0.07859919133950705,0.07859919133950705,1
Philippines,1996,[1517.5],[1402.8869999999993],0.07552751235584892,7.552751235584893,0.07552751235584892,0.07552751235584892,1
Philippines,1997,[1589.4],[1473.9409999999991],0.0726431357745067,7.264313577450671,0.0726431357745067,0.0726431357745067,1
Philippines,1998,[1624.0],[1514.807999999999],0.06723645320197101,6.723645320197101,0.06723645320197101,0.06723645320197101,1
Philippines,1999,[1735.1],[1453.5879999999993],0.1622454037231287,16.22454037231287,0.1622454037231287,0.1622454037231287,1
Philippines,2000,[1797.0],[1452.7150000000006],0.19158875904284886,19.158875904284887,0.19158875904284886,0.19158875904284886,1
Philippines,2001,[1819.8],[1607.263],0.11679140564897243,11.679140564897244,0.11679140564897243,0.11679140564897243,1
Philippines,2002,[1803.1],[1575.7089999999996],0.1261111419222452,12.611114192224521,0.1261111419222452,0.1261111419222452,1
Philippines,2003,[1915.3],[1609.4659999999992],0.15967942358899428,15.967942358899428,0.15967942358899428,0.15967942358899428,1
Philippines,2004,[2142.1],[1796.6349999999993],0.16127398347416116,16.127398347416115,0.16127398347416116,0.16127398347416116,1
Philippines,2005,[2151.4],[1941.7350000000015],0.09745514548665919,9.74551454866592,0.09745514548665919,0.09745514548665919,1
Philippines,2006,[2366.0],[2005.927999999999],0.152185967878276,15.218596787827602,0.152185967878276,0.152185967878276,1
Philippines,2007,[2543.9],[2096.7149999999992],0.1757871771689142,17.578717716891422,0.1757871771689142,0.1757871771689142,1
Philippines,2008,[2603.6],[2267.4239999999986],0.12911968044246477,12.911968044246477,0.12911968044246477,0.12911968044246477,1
Philippines,2009,[2620.8],[2389.3670000000006],0.08830624236874218,8.830624236874218,0.08830624236874218,0.08830624236874218,1
Philippines,2010,[2551.7],[2237.199999999999],0.12325116588940743,12.325116588940743,0.12325116588940743,0.12325116588940743,1
Philippines,2011,[2739.6],[2564.8229999999985],0.06379653964082399,6.379653964082399,0.06379653964082399,0.06379653964082399,1
Philippines,2012,[2855.5],[2611.6890000000008],0.08538294519348599,8.5382945193486,0.08538294519348599,0.08538294519348599,1
Philippines,2013,[2877.6],[2598.774000000001],0.09689532944120069,9.689532944120069,0.09689532944120069,0.09689532944120069,1
Philippines,2014,[2975.6],[2602.6910000000016],0.1253222879419271,12.53222879419271,0.1253222879419271,0.1253222879419271,1
Philippines,2015,[2934.8],[2816.2370000000014],0.040399005042932645,4.039900504293264,0.040399005042932645,0.040399005042932645,1
Philippines,2016,[2905.6],[2912.8039999999996],0.002479350220264222,0.24793502202642223,0.002479350220264222,-0.002479350220264222,1
Philippines,2017,[3100.7],[2886.1210000000005],0.06920340568258757,6.920340568258757,0.06920340568258757,0.06920340568258757,1
Philippines,2018,[3094.6],[2759.3670000000006],0.10832837846571423,10.832837846571424,0.10832837846571423,0.10832837846571423,1
Philippines,2019,[3170.3],[2975.1550000000016],0.06155411159827102,6.155411159827102,0.06155411159827102,0.06155411159827102,1
Philippines,2020,[3179.0],[3062.9369999999985],0.036509279647688415,3.6509279647688415,0.036509279647688415,0.036509279647688415,1
Philippines,2021,[3236.8],[3045.8020000000006],0.05900827978250111,5.900827978250111,0.05900827978250111,0.05900827978250111,1
Philippines,2022,[3268.9],[3108.816999999998],0.04897151947138239,4.897151947138239,0.04897151947138239,0.04897151947138239,1
Lesotho,1987,[666.4],[735.9499999999994],0.10436674669867856,10.436674669867855,0.10436674669867856,-0.10436674669867856,12
Lesotho,1988,[922.1],[699.4800000000001],0.24142717709575956,24.142717709575955,0.24142717709575956,0.24142717709575956,12
Lesotho,1989,[1047.6],[790.1269999999998],0.24577415043909898,24.577415043909898,0.24577415043909898,0.24577415043909898,12
Lesotho,1990,[1100.0],[810.9130000000005],0.2628063636363632,26.280636363636322,0.2628063636363632,0.2628063636363632,12
Lesotho,1991,[540.8],[938.3640000000004],0.7351405325443795,73.51405325443795,0.7351405325443795,-0.7351405325443795,12
Lesotho,1992,[579.2],[763.4289999999994],0.3180749309392254,31.807493093922538,0.3180749309392254,-0.3180749309392254,12
Lesotho,1993,[887.5],[753.4440000000004],0.15104901408450658,15.104901408450658,0.15104901408450658,0.15104901408450658,12
Lesotho,1994,[862.9],[804.4699999999997],0.06771352416270748,6.771352416270748,0.06771352416270748,0.06771352416270748,12
Lesotho,1995,[812.6],[751.1559999999997],0.07561407826729055,7.561407826729055,0.07561407826729055,0.07561407826729055,12
Lesotho,1996,[1249.0],[959.3310000000005],0.23192073658927104,23.192073658927104,0.23192073658927104,0.23192073658927104,12
Lesotho,1997,[985.7],[1041.477],0.056586182408440745,5.658618240844074,0.056586182408440745,-0.056586182408440745,12
Lesotho,1998,[1317.1],[776.9500000000002],0.41010553488725215,41.010553488725215,0.41010553488725215,0.41010553488725215,12
Lesotho,1999,[941.0],[875.2249999999999],0.0698990435706696,6.98990435706696,0.0698990435706696,0.0698990435706696,12
Lesotho,2000,[677.3],[875.615],0.292802303262956,29.280230326295598,0.292802303262956,-0.292802303262956,12
Lesotho,2001,[891.3],[813.1390000000004],0.0876932570402778,8.76932570402778,0.0876932570402778,0.0876932570402778,12
Lesotho,2002,[808.8],[923.0980000000006],0.1413180019782402,14.13180019782402,0.1413180019782402,-0.1413180019782402,12
Lesotho,2003,[643.9],[832.7000000000002],0.29321323186830284,29.321323186830284,0.29321323186830284,-0.29321323186830284,12
Lesotho,2004,[634.7],[768.0730000000003],0.21013549708523754,21.013549708523755,0.21013549708523754,-0.21013549708523754,12
Lesotho,2005,[701.1],[850.1129999999998],0.21254172015404335,21.254172015404336,0.21254172015404335,-0.21254172015404335,12
Lesotho,2006,[556.7],[822.9200000000005],0.47821088557571484,47.821088557571485,0.47821088557571484,-0.47821088557571484,12
Lesotho,2007,[487.7],[735.9199999999997],0.5089604264916952,50.896042649169516,0.5089604264916952,-0.5089604264916952,12
Lesotho,2008,[434.9],[675.0939999999993],0.5522970797884554,55.229707978845546,0.5522970797884554,-0.5522970797884554,12
Lesotho,2009,[415.9],[618.7909999999999],0.4878360182736234,48.78360182736234,0.4878360182736234,-0.4878360182736234,12
Lesotho,2010,[907.1],[659.2490000000003],0.27323448351890617,27.323448351890615,0.27323448351890617,0.27323448351890617,12
Lesotho,2011,[634.4],[886.7240000000004],0.39773644388398555,39.77364438839855,0.39773644388398555,-0.39773644388398555,12
Lesotho,2012,[695.2],[497.74900000000036],0.2840204257767544,28.40204257767544,0.2840204257767544,0.2840204257767544,12
Lesotho,2013,[822.7],[596.371],0.27510514160690414,27.510514160690413,0.27510514160690414,0.27510514160690414,12
Lesotho,2014,[678.6],[671.2819999999998],0.010783966990863854,1.0783966990863854,0.010783966990863854,0.010783966990863854,12
Lesotho,2015,[657.1],[656.9519999999995],0.00022523208035379592,0.02252320803537959,0.00022523208035379592,0.00022523208035379592,12
Lesotho,2016,[468.0],[649.8729999999997],0.38861752136752076,38.861752136752074,0.38861752136752076,-0.38861752136752076,12
Lesotho,2017,[1040.9],[686.5789999999995],0.3403986934383712,34.03986934383712,0.3403986934383712,0.3403986934383712,12
Lesotho,2018,[868.4],[798.4919999999998],0.08050207277752203,8.050207277752202,0.08050207277752203,0.08050207277752203,12
Lesotho,2019,[768.8],[900.4029999999996],0.17117976066597246,17.117976066597247,0.17117976066597246,-0.17117976066597246,12
Lesotho,2020,[456.9],[806.7799999999999],0.7657693149485663,76.57693149485662,0.7657693149485663,-0.7657693149485663,12
Lesotho,2021,[1025.2],[630.4470000000001],0.385049746390948,38.504974639094804,0.385049746390948,0.385049746390948,12
Lesotho,2022,[804.6],[822.2750000000001],0.021967437235893696,2.1967437235893694,0.021967437235893696,-0.021967437235893696,12
South Africa,1987,[1558.4],[1550.0089999999993],0.005384368583162704,0.5384368583162704,0.005384368583162704,0.005384368583162704,7
South Africa,1988,[1619.5],[1497.9109999999982],0.0750781105279418,7.507811052794181,0.0750781105279418,0.0750781105279418,7
South Africa,1989,[2840.5],[1547.1879999999987],0.4553113888399934,45.53113888399934,0.4553113888399934,0.4553113888399934,7
South Africa,1990,[2205.1],[2048.4369999999994],0.07104575756201555,7.104575756201554,0.07104575756201555,0.07104575756201555,7
South Africa,1991,[2257.3],[2083.816],0.07685464935985485,7.685464935985485,0.07685464935985485,0.07685464935985485,7
South Africa,1992,[785.3],[1806.5540000000005],1.3004635171272134,130.04635171272133,1.3004635171272134,-1.3004635171272134,7
South Africa,1993,[2284.0],[1883.464],0.1753660245183888,17.53660245183888,0.1753660245183888,0.1753660245183888,7
South Africa,1994,[2848.1],[1338.6440000000002],0.529987008883115,52.998700888311504,0.529987008883115,0.529987008883115,7
South Africa,1995,[1380.0],[2165.271000000001],0.5690369565217399,56.903695652173994,0.5690369565217399,-0.5690369565217399,7
South Africa,1996,[2704.3],[2305.9769999999994],0.14729246015604805,14.729246015604804,0.14729246015604805,0.14729246015604805,7
South Africa,1997,[2519.5],[2607.4669999999996],0.03491446715618164,3.491446715618164,0.03491446715618164,-0.03491446715618164,7
South Africa,1998,[2161.1],[1879.9669999999983],0.1300879181898115,13.00879181898115,0.1300879181898115,0.1300879181898115,7
South Africa,1999,[2227.4],[1906.0020000000002],0.14429289754871147,14.429289754871148,0.14429289754871147,0.14429289754871147,7
South Africa,2000,[2849.2],[2352.8219999999997],0.17421662220974315,17.421662220974316,0.17421662220974315,0.17421662220974315,7
South Africa,2001,[2437.1],[2266.941999999999],0.06981986787575431,6.981986787575431,0.06981986787575431,0.06981986787575431,7
South Africa,2002,[2851.6],[2192.8020000000006],0.2310274933370737,23.10274933370737,0.2310274933370737,0.2310274933370737,7
South Africa,2003,[2658.2],[2141.8850000000007],0.19423482055526264,19.423482055526264,0.19423482055526264,0.19423482055526264,7
South Africa,2004,[3030.5],[2384.167000000001],0.21327602705824095,21.327602705824095,0.21327602705824095,0.21327602705824095,7
South Africa,2005,[3635.1],[2091.7370000000005],0.42457236389645386,42.45723638964539,0.42457236389645386,0.42457236389645386,7
South Africa,2006,[3412.2],[2713.130000000002],0.20487368852939392,20.48736885293939,0.20487368852939392,0.20487368852939392,7
South Africa,2007,[2792.1],[2332.393],0.164645607249024,16.464560724902398,0.164645607249024,0.164645607249024,7
South Africa,2008,[4537.3],[2971.0400000000027],0.34519648248958573,34.519648248958575,0.34519648248958573,0.34519648248958573,7
South Africa,2009,[4964.0],[3408.7499999999986],0.3133058017727642,31.330580177276417,0.3133058017727642,0.3133058017727642,7
South Africa,2010,[4673.6],[4431.154999999998],0.051875427935639,5.1875427935639,0.051875427935639,0.051875427935639,7
South Africa,2011,[4367.1],[4457.290999999998],0.02065237800828879,2.065237800828879,0.02065237800828879,-0.02065237800828879,7
South Africa,2012,[4490.5],[4283.387999999997],0.046122258100434875,4.612225810043488,0.046122258100434875,0.046122258100434875,7
South Africa,2013,[4246.6],[4216.732999999997],0.007033155936514604,0.7033155936514603,0.007033155936514604,0.007033155936514604,7
South Africa,2014,[5300.9],[4514.795999999996],0.1482963270388055,14.829632703880549,0.1482963270388055,0.1482963270388055,7
South Africa,2015,[3487.1],[4608.462999999998],0.32157466089300507,32.157466089300506,0.32157466089300507,-0.32157466089300507,7
South Africa,2016,[3712.0],[4187.624999999997],0.12813173491379237,12.813173491379237,0.12813173491379237,-0.12813173491379237,7
South Africa,2017,[5859.6],[4242.277999999998],0.27601235579220457,27.601235579220457,0.27601235579220457,0.27601235579220457,7
South Africa,2018,[4975.5],[4204.2109999999975],0.15501738518741884,15.501738518741885,0.15501738518741884,0.15501738518741884,7
South Africa,2019,[4553.9],[4326.667999999996],0.049898328904895504,4.98983289048955,0.049898328904895504,0.049898328904895504,7
South Africa,2020,[5447.8],[4673.1359999999995],0.14219758434597465,14.219758434597466,0.14219758434597465,0.14219758434597465,7
South Africa,2021,[5436.1],[5118.413999999998],0.05844005812990975,5.844005812990975,0.05844005812990975,0.05844005812990975,7
South Africa,2022,[5375.8],[4744.9779999999955],0.11734476729045065,11.734476729045065,0.11734476729045065,0.11734476729045065,7
Malawi,1987,[1016.4],[1153.6239999999996],0.1350098386462019,13.500983864620189,0.1350098386462019,-0.1350098386462019,3
Malawi,1988,[1171.8],[1116.7839999999994],0.04694999146612095,4.694999146612095,0.04694999146612095,0.04694999146612095,3
Malawi,1989,[1187.8],[1121.9149999999993],0.05546809227142673,5.546809227142673,0.05546809227142673,0.05546809227142673,3
Malawi,1990,[999.3],[1121.1870000000001],0.1219723806664667,12.19723806664667,0.1219723806664667,-0.1219723806664667,3
Malawi,1991,[1141.9],[1128.8100000000013],0.011463350556089658,1.1463350556089658,0.011463350556089658,0.011463350556089658,3
Malawi,1992,[480.2],[1029.524],1.1439483548521447,114.39483548521447,1.1439483548521447,-1.1439483548521447,3
Malawi,1993,[1532.7],[978.5599999999996],0.36154498597246715,36.154498597246715,0.36154498597246715,0.36154498597246715,3
Malawi,1994,[920.9],[1048.6199999999992],0.13869041155391382,13.869041155391383,0.13869041155391382,-0.13869041155391382,3
Malawi,1995,[1351.7],[1017.2429999999987],0.24743434193978053,24.743434193978054,0.24743434193978053,0.24743434193978053,3
Malawi,1996,[1443.3],[1133.7579999999998],0.21446823252269115,21.446823252269116,0.21446823252269115,0.21446823252269115,3
Malawi,1997,[1095.9],[1303.7679999999998],0.18967789031845944,18.967789031845943,0.18967789031845944,-0.18967789031845944,3
Malawi,1998,[1371.1],[1021.6609999999994],0.25486033112099815,25.486033112099815,0.25486033112099815,0.25486033112099815,3
Malawi,1999,[1810.9],[1212.3349999999996],0.33053454083604866,33.05345408360487,0.33053454083604866,0.33053454083604866,3
Malawi,2000,[1742.8],[1536.1029999999982],0.11860052788616118,11.860052788616118,0.11860052788616118,0.11860052788616118,3
Malawi,2001,[1184.5],[1420.8149999999996],0.1995061207260444,19.95061207260444,0.1995061207260444,-0.1995061207260444,3
Malawi,2002,[1046.0],[1339.9700000000003],0.28104206500956047,28.104206500956046,0.28104206500956047,-0.28104206500956047,3
Malawi,2003,[1225.9],[1249.9810000000002],0.01964352720450292,1.964352720450292,0.01964352720450292,-0.01964352720450292,3
Malawi,2004,[1046.0],[1203.2209999999995],0.15030688336520034,15.030688336520035,0.15030688336520034,-0.15030688336520034,3
Malawi,2005,[809.3],[995.0939999999987],0.22957370567156646,22.957370567156644,0.22957370567156646,-0.22957370567156646,3
Malawi,2006,[1481.4],[1170.0509999999997],0.21017213446739597,21.017213446739596,0.21017213446739597,0.21017213446739597,3
Malawi,2007,[2654.7],[1145.2469999999994],0.5685964515764496,56.859645157644955,0.5685964515764496,0.5685964515764496,3
Malawi,2008,[1649.8],[1853.5930000000008],0.12352588192508232,12.352588192508232,0.12352588192508232,-0.12352588192508232,3
Malawi,2009,[2226.5],[1739.4919999999984],0.21873253986076877,21.873253986076875,0.21873253986076877,0.21873253986076877,3
Malawi,2010,[2015.8],[1907.719],0.053616926282369234,5.3616926282369235,0.053616926282369234,0.053616926282369234,3
Malawi,2011,[2207.9],[1828.584999999999],0.17179899451967987,17.179899451967987,0.17179899451967987,0.17179899451967987,3
Malawi,2012,[2193.2],[1955.2279999999985],0.10850446835673963,10.850446835673964,0.10850446835673963,0.10850446835673963,3
Malawi,2013,[2170.8],[2059.5859999999993],0.05123180394324712,5.123180394324712,0.05123180394324712,0.05123180394324712,3
Malawi,2014,[2333.9],[2152.808999999999],0.07759158490081033,7.759158490081034,0.07759158490081033,0.07759158490081033,3
Malawi,2015,[1656.3],[2196.5229999999974],0.32616253094246056,32.616253094246055,0.32616253094246056,-0.32616253094246056,3
Malawi,2016,[1415.4],[1998.8969999999983],0.41224883425180037,41.22488342518004,0.41224883425180037,-0.41224883425180037,3
Malawi,2017,[2007.8],[2132.032999999997],0.06187518677158941,6.187518677158941,0.06187518677158941,-0.06187518677158941,3
Malawi,2018,[1600.8],[2004.8169999999986],0.2523844327836074,25.23844327836074,0.2523844327836074,-0.2523844327836074,3
Malawi,2019,[1957.8],[1863.5909999999985],0.04811982837879325,4.8119828378793255,0.04811982837879325,0.04811982837879325,3
Malawi,2020,[2095.5],[1723.3019999999979],0.17761775232641477,17.761775232641476,0.17761775232641477,0.17761775232641477,3
Malawi,2021,[2462.9],[1946.1019999999978],0.20983312355353537,20.983312355353537,0.20983312355353537,0.20983312355353537,3
Malawi,2022,[2124.0],[2216.4439999999977],0.0435235404896411,4.35235404896411,0.0435235404896411,-0.0435235404896411,3
Nigeria,1987,[1353.3],[1189.217999999999],0.12124584349368286,12.124584349368286,0.12124584349368286,0.12124584349368286,3
Nigeria,1988,[1640.1],[1227.5549999999996],0.25153649167733694,25.153649167733693,0.25153649167733694,0.25153649167733694,3
Nigeria,1989,[1395.0],[1434.1070000000007],0.02803369175627287,2.803369175627287,0.02803369175627287,-0.02803369175627287,3
Nigeria,1990,[1130.1],[1334.9680000000005],0.18128307229448778,18.12830722944878,0.18128307229448778,-0.18128307229448778,3
Nigeria,1991,[1129.9],[1455.0970000000007],0.28781042570139,28.781042570138997,0.28781042570139,-0.28781042570139,3
Nigeria,1992,[1118.1],[1441.5100000000002],0.2892496198908866,28.92496198908866,0.2892496198908866,-0.2892496198908866,3
Nigeria,1993,[1184.8],[1289.9470000000006],0.08874662390276893,8.874662390276892,0.08874662390276893,-0.08874662390276893,3
Nigeria,1994,[1272.0],[1371.3780000000013],0.07812735849056705,7.812735849056705,0.07812735849056705,-0.07812735849056705,3
Nigeria,1995,[1266.6],[1258.5000000000014],0.0063950734249159525,0.6395073424915952,0.0063950734249159525,0.0063950734249159525,3
Nigeria,1996,[1326.1],[1287.8060000000012],0.028877158585324435,2.8877158585324434,0.028877158585324435,0.028877158585324435,3
Nigeria,1997,[1251.0],[1261.9140000000014],0.008724220623502279,0.8724220623502279,0.008724220623502279,-0.008724220623502279,3
Nigeria,1998,[1320.0],[1327.2310000000011],0.00547803030303116,0.5478030303031161,0.00547803030303116,-0.00547803030303116,3
Nigeria,1999,[1599.8],[1368.9400000000012],0.14430553819227326,14.430553819227326,0.14430553819227326,0.14430553819227326,3
Nigeria,2000,[1300.1],[1305.271000000001],0.00397738635489669,0.397738635489669,0.00397738635489669,-0.00397738635489669,3
Nigeria,2001,[1399.9],[1270.2110000000014],0.09264161725837468,9.264161725837468,0.09264161725837468,0.09264161725837468,3
Nigeria,2002,[1489.9],[1279.8490000000002],0.14098328746895758,14.098328746895758,0.14098328746895758,0.14098328746895758,3
Nigeria,2003,[1499.9],[1436.664],0.042160144009600706,4.216014400960071,0.042160144009600706,0.042160144009600706,3
Nigeria,2004,[1600.2],[1344.0149999999996],0.1600956130483692,16.009561304836918,0.1600956130483692,0.1600956130483692,3
Nigeria,2005,[1659.8],[1430.8869999999993],0.13791601397758807,13.791601397758807,0.13791601397758807,0.13791601397758807,3
Nigeria,2006,[1818.2],[1481.6829999999984],0.18508249917500916,18.508249917500915,0.18508249917500916,0.18508249917500916,3
Nigeria,2007,[1704.9],[1599.212999999999],0.06199014604962228,6.199014604962228,0.06199014604962228,0.06199014604962228,3
Nigeria,2008,[1957.1],[1573.9029999999984],0.1957983751469018,19.57983751469018,0.1957983751469018,0.1957983751469018,3
Nigeria,2009,[2196.1],[1775.967999999999],0.19130822822275897,19.1308228222759,0.19130822822275897,0.19130822822275897,3
Nigeria,2010,[1850.2],[1880.435000000001],0.016341476597125194,1.6341476597125193,0.016341476597125194,-0.016341476597125194,3
Nigeria,2011,[1627.1],[1907.191000000001],0.17214123286829391,17.21412328682939,0.17214123286829391,-0.17214123286829391,3
Nigeria,2012,[1511.8],[1768.1659999999997],0.16957666357983844,16.957666357983843,0.16957666357983844,-0.16957666357983844,3
Nigeria,2013,[1461.6],[1694.6910000000003],0.15947660098522193,15.947660098522192,0.15947660098522193,-0.15947660098522193,3
Nigeria,2014,[1700.2],[1646.9720000000007],0.031306905069991404,3.1306905069991404,0.031306905069991404,0.031306905069991404,3
Nigeria,2015,[1718.8],[1672.6610000000019],0.026843728182451756,2.6843728182451754,0.026843728182451756,0.026843728182451756,3
Nigeria,2016,[1783.7],[1718.9670000000008],0.03629141671805756,3.6291416718057556,0.03629141671805756,0.03629141671805756,3
Nigeria,2017,[1664.1],[1731.9820000000009],0.04079201971035453,4.079201971035453,0.04079201971035453,-0.04079201971035453,3
Nigeria,2018,[1671.6],[1661.2770000000007],0.006175520459439569,0.617552045943957,0.006175520459439569,0.006175520459439569,3
Nigeria,2019,[1851.4],[1756.2670000000019],0.05138435778329816,5.138435778329816,0.05138435778329816,0.05138435778329816,3
Nigeria,2020,[2050.6],[1665.491000000001],0.18780308202477278,18.78030820247728,0.18780308202477278,0.18780308202477278,3
Nigeria,2021,[2053.8],[1763.4960000000015],0.1413496932515331,14.13496932515331,0.1413496932515331,0.1413496932515331,3
Nigeria,2022,[2232.6],[1854.4460000000013],0.16937830332347875,16.937830332347875,0.16937830332347875,0.16937830332347875,3
Timor-Leste,1987,[1140.0],[1071.5],0.060087719298245613,6.008771929824562,0.060087719298245613,0.060087719298245613,3
Timor-Leste,1988,[1288.2],[1110.0],0.13833255705635775,13.833255705635775,0.13833255705635775,0.13833255705635775,3
Timor-Leste,1989,[1269.2],[1164.4479999999994],0.08253387960920315,8.253387960920316,0.08253387960920315,0.08253387960920315,3
Timor-Leste,1990,[1327.5],[1179.2859999999991],0.11164896421845638,11.164896421845638,0.11164896421845638,0.11164896421845638,3
Timor-Leste,1991,[1392.1],[1211.5129999999992],0.1297227210688892,12.972272106888921,0.1297227210688892,0.1297227210688892,3
Timor-Leste,1992,[1409.5],[1281.1260000000004],0.09107768712309298,9.107768712309298,0.09107768712309298,0.09107768712309298,3
Timor-Leste,1993,[1800.0],[1299.9410000000003],0.2778105555555554,27.78105555555554,0.2778105555555554,0.2778105555555554,3
Timor-Leste,1994,[1882.3],[1509.075],0.19828135791319126,19.828135791319127,0.19828135791319126,0.19828135791319126,3
Timor-Leste,1995,[1835.5],[1400.243],0.23713266140016348,23.713266140016348,0.23713266140016348,0.23713266140016348,3
Timor-Leste,1996,[1834.6],[1608.2639999999997],0.12337076201896885,12.337076201896885,0.12337076201896885,0.12337076201896885,3
Timor-Leste,1997,[1577.0],[1807.6680000000008],0.1462701331642364,14.627013316423639,0.1462701331642364,-0.1462701331642364,3
Timor-Leste,1998,[1847.7],[1675.429000000001],0.0932353737078525,9.32353737078525,0.0932353737078525,0.0932353737078525,3
Timor-Leste,1999,[1300.1],[1782.0109999999995],0.37067225598030895,37.067225598030895,0.37067225598030895,-0.37067225598030895,3
Timor-Leste,2000,[1608.2],[1628.052000000001],0.012344235791568833,1.2344235791568834,0.012344235791568833,-0.012344235791568833,3
Timor-Leste,2001,[1215.6],[1679.260000000001],0.38142481079302487,38.142481079302485,0.38142481079302487,-0.38142481079302487,3
Timor-Leste,2002,[1755.1],[1537.3100000000006],0.12408979545325012,12.408979545325012,0.12408979545325012,0.12408979545325012,3
Timor-Leste,2003,[1392.4],[1659.4120000000016],0.1917638609594955,19.17638609594955,0.1917638609594955,-0.1917638609594955,3
Timor-Leste,2004,[1580.9],[1629.536000000001],0.030764754253906557,3.076475425390656,0.030764754253906557,-0.030764754253906557,3
Timor-Leste,2005,[1590.0],[1690.6500000000012],0.0633018867924536,6.33018867924536,0.0633018867924536,-0.0633018867924536,3
Timor-Leste,2006,[1675.8],[1513.6899999999996],0.09673588733739132,9.673588733739132,0.09673588733739132,0.09673588733739132,3
Timor-Leste,2007,[1128.2],[1549.882],0.37376528984222657,37.37652898422266,0.37376528984222657,-0.37376528984222657,3
Timor-Leste,2008,[1261.1],[1454.6340000000005],0.1534644358100076,15.34644358100076,0.1534644358100076,-0.1534644358100076,3
Timor-Leste,2009,[1888.4],[1425.8850000000007],0.24492427451811025,24.492427451811025,0.24492427451811025,0.24492427451811025,3
Timor-Leste,2010,[2119.3],[1453.7370000000012],0.3140485065823616,31.40485065823616,0.3140485065823616,0.3140485065823616,3
Timor-Leste,2011,[2294.3],[1649.0250000000003],0.2812513620712199,28.125136207121994,0.2812513620712199,0.2812513620712199,3
Timor-Leste,2012,[1390.2],[1838.0769999999993],0.32216731405553106,32.216731405553105,0.32216731405553106,-0.32216731405553106,3
Timor-Leste,2013,[2353.8],[1733.8390000000002],0.2633872886396465,26.33872886396465,0.2633872886396465,0.2633872886396465,3
Timor-Leste,2014,[2772.5],[1678.778999999999],0.39448908926961257,39.44890892696126,0.39448908926961257,0.39448908926961257,3
Timor-Leste,2015,[2397.0],[1966.6019999999992],0.17955694618272874,17.955694618272876,0.17955694618272874,0.17955694618272874,3
Timor-Leste,2016,[2314.6],[2043.0699999999997],0.11731184653935894,11.731184653935895,0.11731184653935894,0.11731184653935894,3
Timor-Leste,2017,[2169.3],[2244.8740000000007],0.03483796616420067,3.4837966164200673,0.03483796616420067,-0.03483796616420067,3
Timor-Leste,2018,[2144.5],[2282.199],0.06421030543250178,6.421030543250178,0.06421030543250178,-0.06421030543250178,3
Timor-Leste,2019,[2511.6],[2282.9349999999995],0.09104355789138414,9.104355789138415,0.09104355789138414,0.09104355789138414,3
Timor-Leste,2020,[2668.6],[2246.8990000000003],0.15802330810162615,15.802330810162616,0.15802330810162615,0.15802330810162615,3
Timor-Leste,2021,[972.1],[2398.2250000000013],1.467055858450778,146.7055858450778,1.467055858450778,-1.467055858450778,3
Timor-Leste,2022,[1784.5],[1831.039000000001],0.026079574110395572,2.6079574110395574,0.026079574110395572,-0.026079574110395572,3
Argentina,1987,[3189.7],[3578.453000000001],0.12187760604445594,12.187760604445593,0.12187760604445594,-0.12187760604445594,5
Argentina,1988,[3774.4],[3376.045000000004],0.1055412780839328,10.554127808393279,0.1055412780839328,0.1055412780839328,5
Argentina,1989,[2910.3],[3639.0790000000025],0.25041370305466865,25.041370305466863,0.25041370305466865,-0.25041370305466865,5
Argentina,1990,[3460.8],[3413.781000000001],0.013586165048543493,1.3586165048543493,0.013586165048543493,0.013586165048543493,5
Argentina,1991,[4044.4],[3466.811999999999],0.14281178914054027,14.281178914054028,0.14281178914054027,0.14281178914054027,5
Argentina,1992,[4523.7],[3664.499000000003],0.18993324048897955,18.993324048897957,0.18993324048897955,0.18993324048897955,5
Argentina,1993,[4355.2],[4192.168000000006],0.037433872152827376,3.7433872152827377,0.037433872152827376,0.037433872152827376,5
Argentina,1994,[4237.1],[3835.0110000000027],0.09489721743645362,9.489721743645362,0.09489721743645362,0.09489721743645362,5
Argentina,1995,[4522.3],[3918.8990000000003],0.1334279017314198,13.34279017314198,0.1334279017314198,0.1334279017314198,5
Argentina,1996,[4039.7],[4244.519],0.05070153724286467,5.070153724286467,0.05070153724286467,-0.05070153724286467,5
Argentina,1997,[4555.7],[4198.089000000002],0.07849748666505654,7.849748666505654,0.07849748666505654,0.07849748666505654,5
Argentina,1998,[6078.0],[4144.672000000006],0.31808621256992337,31.808621256992335,0.31808621256992337,0.31808621256992337,5
Argentina,1999,[5370.2],[4562.472000000005],0.1504092957431743,15.04092957431743,0.1504092957431743,0.1504092957431743,5
Argentina,2000,[5432.9],[4771.573000000005],0.12172633400209737,12.172633400209737,0.12172633400209737,0.12172633400209737,5
Argentina,2001,[5455.3],[5046.809000000006],0.07487965831393223,7.487965831393223,0.07487965831393223,0.07487965831393223,5
Argentina,2002,[6079.1],[5206.849000000001],0.14348357487128016,14.348357487128016,0.14348357487128016,0.14348357487128016,5
Argentina,2003,[6476.7],[5370.511000000003],0.17079515802800757,17.079515802800756,0.17079515802800757,0.17079515802800757,5
Argentina,2004,[6393.1],[5733.721000000002],0.10313916566298009,10.313916566298008,0.10313916566298009,0.10313916566298009,5
Argentina,2005,[7358.7],[5999.936999999996],0.18464715235027976,18.464715235027978,0.18464715235027976,0.18464715235027976,5
Argentina,2006,[5903.0],[6667.718999999999],0.12954751821107896,12.954751821107896,0.12954751821107896,-0.12954751821107896,5
Argentina,2007,[7665.5],[6152.688999999996],0.19735320592264097,19.735320592264095,0.19735320592264097,0.19735320592264097,5
Argentina,2008,[6452.5],[6819.3849999999975],0.05685935683843433,5.685935683843433,0.05685935683843433,-0.05685935683843433,5
Argentina,2009,[5576.0],[6627.3929999999955],0.18855685078909531,18.85568507890953,0.18855685078909531,-0.18855685078909531,5
Argentina,2010,[7804.0],[6433.051999999999],0.17567247565351118,17.567247565351117,0.17567247565351118,0.17567247565351118,5
Argentina,2011,[6350.3],[6831.0099999999975],0.07569878588413104,7.569878588413104,0.07569878588413104,-0.07569878588413104,5
Argentina,2012,[5734.6],[6375.572000000001],0.11177274788128215,11.177274788128216,0.11177274788128215,-0.11177274788128215,5
Argentina,2013,[6603.7],[6344.0369999999975],0.039320835289307854,3.9320835289307854,0.039320835289307854,0.039320835289307854,5
Argentina,2014,[6840.9],[6070.677999999999],0.11259074098437351,11.25907409843735,0.11259074098437351,0.11259074098437351,5
Argentina,2015,[7309.0],[6273.458999999997],0.14168025721712996,14.168025721712995,0.14168025721712996,0.14168025721712996,5
Argentina,2016,[7442.7],[6944.957],0.06687667110054141,6.687667110054141,0.06687667110054141,0.06687667110054141,5
Argentina,2017,[7575.9],[6707.548000000001],0.11462030913818808,11.462030913818808,0.11462030913818808,0.11462030913818808,5
Argentina,2018,[6088.3],[6932.889000000001],0.1387232889312289,13.87232889312289,0.1387232889312289,-0.1387232889312289,5
Argentina,2019,[7861.5],[6831.596000000003],0.13100604210392378,13.100604210392378,0.13100604210392378,0.13100604210392378,5
Argentina,2020,[7553.9],[6592.054000000001],0.1273310475383575,12.73310475383575,0.1273310475383575,0.1273310475383575,5
Argentina,2021,[7429.6],[7030.069000000004],0.053775573382146585,5.377557338214658,0.053775573382146585,0.053775573382146585,5
Argentina,2022,[6732.9],[7126.669000000005],0.058484308396085746,5.848430839608574,0.058484308396085746,-0.058484308396085746,5
Paraguay,1987,[1804.6],[1562.0440000000003],0.13440984151612523,13.440984151612522,0.13440984151612523,0.13440984151612523,3
Paraguay,1988,[1902.0],[1704.0420000000013],0.10407886435331162,10.407886435331163,0.10407886435331162,0.10407886435331162,3
Paraguay,1989,[1988.9],[1676.648000000001],0.15699733521041734,15.699733521041734,0.15699733521041734,0.15699733521041734,3
Paraguay,1990,[2199.1],[1805.823],0.17883543267700416,17.883543267700418,0.17883543267700416,0.17883543267700416,3
Paraguay,1991,[1650.2],[1847.2960000000007],0.11943764392194926,11.943764392194927,0.11943764392194926,-0.11943764392194926,3
Paraguay,1992,[1743.0],[1830.3050000000012],0.0500889271371206,5.00889271371206,0.0500889271371206,-0.0500889271371206,3
Paraguay,1993,[1763.0],[1762.2940000000017],0.0004004537719786228,0.040045377197862275,0.0004004537719786228,0.0004004537719786228,3
Paraguay,1994,[2114.0],[1783.3210000000004],0.1564233680227056,15.64233680227056,0.1564233680227056,0.1564233680227056,3
Paraguay,1995,[2466.0],[1749.0490000000004],0.2907343876723437,29.07343876723437,0.2907343876723437,0.2907343876723437,3
Paraguay,1996,[2015.0],[2113.2620000000015],0.04876526054590647,4.876526054590647,0.04876526054590647,-0.04876526054590647,3
Paraguay,1997,[2748.3],[2088.6490000000003],0.2400214678164683,24.00214678164683,0.2400214678164683,0.2400214678164683,3
Paraguay,1998,[2457.5],[2139.443],0.12942299084435394,12.942299084435394,0.12942299084435394,0.12942299084435394,3
Paraguay,1999,[2291.7],[2133.175],0.06917353929397375,6.917353929397375,0.06917353929397375,0.06917353929397375,3
Paraguay,2000,[1951.2],[2158.1480000000006],0.10606191061910647,10.606191061910646,0.10606191061910647,-0.10606191061910647,3
Paraguay,2001,[2330.8],[2214.8280000000013],0.04975630684743386,4.975630684743386,0.04975630684743386,0.04975630684743386,3
Paraguay,2002,[2344.2],[2285.7540000000004],0.0249321730227794,2.49321730227794,0.0249321730227794,0.0249321730227794,3
Paraguay,2003,[2384.9],[2118.377000000001],0.11175437125246308,11.175437125246308,0.11175437125246308,0.11175437125246308,3
Paraguay,2004,[2545.5],[2273.520999999999],0.10684698487527054,10.684698487527054,0.10684698487527054,0.10684698487527054,3
Paraguay,2005,[2075.0],[2424.3559999999998],0.16836433734939749,16.83643373493975,0.16836433734939749,-0.16836433734939749,3
Paraguay,2006,[2682.9],[2337.9399999999987],0.12857728577285824,12.857728577285824,0.12857728577285824,0.12857728577285824,3
Paraguay,2007,[2770.0],[2343.351999999999],0.15402454873646249,15.40245487364625,0.15402454873646249,0.15402454873646249,3
Paraguay,2008,[2880.4],[2493.5369999999994],0.13430877655881152,13.430877655881151,0.13430877655881152,0.13430877655881152,3
Paraguay,2009,[2400.0],[2666.0549999999985],0.11085624999999937,11.085624999999936,0.11085624999999937,-0.11085624999999937,3
Paraguay,2010,[3915.2],[2620.6189999999983],0.33065513894564813,33.065513894564816,0.33065513894564813,0.33065513894564813,3
Paraguay,2011,[3919.8],[2726.6979999999994],0.30437828460635763,30.437828460635764,0.30437828460635763,0.30437828460635763,3
Paraguay,2012,[3095.0],[3535.2749999999996],0.1422536348949918,14.225363489499179,0.1422536348949918,-0.1422536348949918,3
Paraguay,2013,[4000.0],[3350.9669999999996],0.16225825000000008,16.225825000000007,0.16225825000000008,0.16225825000000008,3
Paraguay,2014,[4000.0],[3521.1579999999994],0.11971050000000014,11.971050000000014,0.11971050000000014,0.11971050000000014,3
Paraguay,2015,[5248.3],[3697.021],0.29557742507097534,29.557742507097533,0.29557742507097534,0.29557742507097534,3
Paraguay,2016,[5367.0],[4132.749999999997],0.22997018818706963,22.997018818706962,0.22997018818706963,0.22997018818706963,3
Paraguay,2017,[5485.0],[4504.309999999999],0.178794895168642,17.8794895168642,0.178794895168642,0.178794895168642,3
Paraguay,2018,[4995.0],[4926.251999999999],0.013763363363363645,1.3763363363363645,0.013763363363363645,0.013763363363363645,3
Paraguay,2019,[5140.0],[4102.836999999999],0.201782684824903,20.1782684824903,0.201782684824903,0.201782684824903,3
Paraguay,2020,[5304.2],[4742.710999999999],0.10585743373175983,10.585743373175983,0.10585743373175983,0.10585743373175983,3
Paraguay,2021,[4129.4],[5157.424000000001],0.24895239017775012,24.895239017775012,0.24895239017775012,-0.24895239017775012,3
Paraguay,2022,[5147.7],[4703.704000000002],0.08625133554791409,8.62513355479141,0.08625133554791409,0.08625133554791409,3
Rwanda,1987,[1483.9],[1172.426],0.20990228452052034,20.990228452052033,0.20990228452052034,0.20990228452052034,3
Rwanda,1988,[1800.0],[1313.0309999999993],0.2705383333333337,27.053833333333372,0.2705383333333337,0.2705383333333337,3
Rwanda,1989,[1187.5],[1421.6899999999991],0.19721263157894664,19.721263157894665,0.19721263157894664,-0.19721263157894664,3
Rwanda,1990,[1025.2],[1452.4189999999994],0.4167177136168546,41.67177136168546,0.4167177136168546,-0.4167177136168546,3
Rwanda,1991,[1155.6],[1291.4789999999991],0.11758307372793288,11.758307372793288,0.11758307372793288,-0.11758307372793288,3
Rwanda,1992,[1225.0],[1192.1070000000007],0.026851428571428037,2.6851428571428038,0.026851428571428037,0.026851428571428037,3
Rwanda,1993,[1740.0],[1241.9709999999995],0.28622356321839104,28.622356321839103,0.28622356321839104,0.28622356321839104,3
Rwanda,1994,[1675.0],[1430.7020000000005],0.1458495522388057,14.58495522388057,0.1458495522388057,0.1458495522388057,3
Rwanda,1995,[1120.0],[1373.989999999999],0.22677678571428492,22.67767857142849,0.22677678571428492,-0.22677678571428492,3
Rwanda,1996,[1109.9],[1316.565],0.1862014595909541,18.62014595909541,0.1862014595909541,-0.1862014595909541,3
Rwanda,1997,[1090.8],[1375.710999999999],0.26119453612027793,26.119453612027794,0.26119453612027793,-0.26119453612027793,3
Rwanda,1998,[823.1],[1298.5139999999997],0.5775896002915801,57.75896002915801,0.5775896002915801,-0.5775896002915801,3
Rwanda,1999,[755.6],[1292.1600000000003],0.7101111699311808,71.01111699311808,0.7101111699311808,-0.7101111699311808,3
Rwanda,2000,[701.8],[1425.3230000000005],1.0309532630379035,103.09532630379034,1.0309532630379035,-1.0309532630379035,3
Rwanda,2001,[767.1],[1072.6690000000008],0.3983431104158529,39.83431104158529,0.3983431104158529,-0.3983431104158529,3
Rwanda,2002,[876.3],[935.3330000000009],0.06736619879036966,6.736619879036966,0.06736619879036966,-0.06736619879036966,3
Rwanda,2003,[767.2],[914.204000000001],0.19161105318039745,19.161105318039745,0.19161105318039745,-0.19161105318039745,3
Rwanda,2004,[767.0],[851.6219999999998],0.11032855280312887,11.032855280312887,0.11032855280312887,-0.11032855280312887,3
Rwanda,2005,[888.9],[839.0789999999996],0.0560479244009454,5.60479244009454,0.0560479244009454,0.0560479244009454,3
Rwanda,2006,[853.1],[877.8260000000005],0.02898370648224177,2.898370648224177,0.02898370648224177,-0.02898370648224177,3
Rwanda,2007,[720.1],[839.2180000000002],0.16541869184835462,16.541869184835463,0.16541869184835462,-0.16541869184835462,3
Rwanda,2008,[1151.5],[766.6880000000002],0.33418323925314786,33.41832392531479,0.33418323925314786,0.33418323925314786,3
Rwanda,2009,[1950.3],[989.2660000000001],0.4927621391580782,49.27621391580782,0.4927621391580782,0.4927621391580782,3
Rwanda,2010,[2341.6],[1523.915],0.34919926545951485,34.91992654595148,0.34919926545951485,0.34919926545951485,3
Rwanda,2011,[2352.9],[1594.3010000000006],0.3224102171788004,32.241021717880045,0.3224102171788004,0.3224102171788004,3
Rwanda,2012,[2258.7],[1739.647],0.22980165581971929,22.980165581971928,0.22980165581971929,0.22980165581971929,3
Rwanda,2013,[2284.5],[1922.774],0.15833924272269648,15.833924272269648,0.15833924272269648,0.15833924272269648,3
Rwanda,2014,[1531.6],[2146.9939999999992],0.40179811961347567,40.17981196134757,0.40179811961347567,-0.40179811961347567,3
Rwanda,2015,[1531.3],[1672.7810000000004],0.09239273819630409,9.239273819630409,0.09239273819630409,-0.09239273819630409,3
Rwanda,2016,[1574.8],[1384.1070000000007],0.12109029718059391,12.109029718059391,0.12109029718059391,0.12109029718059391,3
Rwanda,2017,[1379.3],[1490.1750000000002],0.08038497788733433,8.038497788733432,0.08038497788733433,-0.08038497788733433,3
Rwanda,2018,[1431.5],[1380.2070000000003],0.03583164512748842,3.5831645127488416,0.03583164512748842,0.03583164512748842,3
Rwanda,2019,[1461.0],[1221.2720000000015],0.16408487337440006,16.408487337440008,0.16408487337440006,0.16408487337440006,3
Rwanda,2020,[1523.7],[1755.971],0.15243880028877071,15.243880028877072,0.15243880028877071,-0.15243880028877071,3
Rwanda,2021,[1521.6],[1355.6819999999998],0.1090417981072556,10.90417981072556,0.1090417981072556,0.1090417981072556,3
Rwanda,2022,[1528.6],[1423.4690000000007],0.06877600418683709,6.877600418683709,0.06877600418683709,0.06877600418683709,3
Indonesia,1987,[1963.3],[1830.6579999999976],0.06756073957113143,6.756073957113143,0.06756073957113143,0.06756073957113143,1
Indonesia,1988,[1953.1],[1884.9009999999973],0.03491833495468874,3.491833495468874,0.03491833495468874,0.03491833495468874,1
Indonesia,1989,[2103.3],[1846.4799999999982],0.12210336138449197,12.210336138449197,0.12210336138449197,0.12210336138449197,1
Indonesia,1990,[2132.3],[1952.870999999999],0.08414810298738508,8.414810298738509,0.08414810298738508,0.08414810298738508,1
Indonesia,1991,[2150.5],[1973.8269999999977],0.08215438270169834,8.215438270169834,0.08215438270169834,0.08215438270169834,1
Indonesia,1992,[2203.0],[2004.3139999999976],0.09018883340898884,9.018883340898883,0.09018883340898884,0.09018883340898884,1
Indonesia,1993,[2197.5],[2057.5959999999977],0.06366507394766883,6.3665073947668835,0.06366507394766883,0.06366507394766883,1
Indonesia,1994,[2209.1],[2150.5860000000002],0.026487709927119494,2.6487709927119494,0.026487709927119494,0.026487709927119494,1
Indonesia,1995,[2258.0],[2072.609999999999],0.08210363153232984,8.210363153232985,0.08210363153232984,0.08210363153232984,1
Indonesia,1996,[2486.2],[2205.225],0.1130138363767999,11.30138363767999,0.1130138363767999,0.1130138363767999,1
Indonesia,1997,[2614.1],[2323.1430000000014],0.11130293408821336,11.130293408821336,0.11130293408821336,0.11130293408821336,1
Indonesia,1998,[2652.6],[2424.6500000000033],0.08593455477644449,8.593455477644449,0.08593455477644449,0.08593455477644449,1
Indonesia,1999,[2662.9],[2365.6950000000015],0.11160952345187523,11.160952345187523,0.11160952345187523,0.11160952345187523,1
Indonesia,2000,[2764.9],[2467.3819999999996],0.10760533834858421,10.760533834858421,0.10760533834858421,0.10760533834858421,1
Indonesia,2001,[2844.6],[2564.610000000001],0.09842860156085174,9.842860156085175,0.09842860156085174,0.09842860156085174,1
Indonesia,2002,[3065.5],[2662.297000000002],0.1315292774425047,13.15292774425047,0.1315292774425047,0.1315292774425047,1
Indonesia,2003,[3241.4],[2834.3420000000015],0.12558092182390282,12.558092182390283,0.12558092182390282,0.12558092182390282,1
Indonesia,2004,[3343.9],[3067.5689999999995],0.08263733963336241,8.263733963336241,0.08263733963336241,0.08263733963336241,1
Indonesia,2005,[3453.9],[3071.4670000000006],0.1107249775615969,11.07249775615969,0.1107249775615969,0.1107249775615969,1
Indonesia,2006,[3469.9],[3122.332999999999],0.10016628721288824,10.016628721288825,0.10016628721288824,0.10016628721288824,1
Indonesia,2007,[3660.1],[3249.288],0.11224064916259116,11.224064916259117,0.11224064916259116,0.11224064916259116,1
Indonesia,2008,[4077.6],[3309.5179999999987],0.18836619580145214,18.836619580145214,0.18836619580145214,0.18836619580145214,1
Indonesia,2009,[4237.2],[3694.050999999998],0.12818583026526992,12.818583026526992,0.12818583026526992,0.12818583026526992,1
Indonesia,2010,[4435.9],[3973.4500000000025],0.10425167384296245,10.425167384296245,0.10425167384296245,0.10425167384296245,1
Indonesia,2011,[4565.2],[4019.537999999998],0.11952641724349462,11.952641724349462,0.11952641724349462,0.11952641724349462,1
Indonesia,2012,[4898.7],[4071.613000000003],0.1688380590768973,16.88380590768973,0.1688380590768973,0.1688380590768973,1
Indonesia,2013,[4844.1],[4501.775000000006],0.07066844202225271,7.066844202225271,0.07066844202225271,0.07066844202225271,1
Indonesia,2014,[4954.0],[4419.468000000002],0.10789907145740782,10.789907145740782,0.10789907145740782,0.10789907145740782,1
Indonesia,2015,[5178.4],[4203.928000000001],0.1881801328595703,18.81801328595703,0.1881801328595703,0.1881801328595703,1
Indonesia,2016,[5305.2],[4690.307000000001],0.11590383020432767,11.590383020432766,0.11590383020432767,0.11590383020432767,1
Indonesia,2017,[5227.4],[4962.438000000002],0.05068714848681902,5.068714848681902,0.05068714848681902,0.05068714848681902,1
Indonesia,2018,[5326.1],[4571.665000000003],0.14164867351345217,14.164867351345217,0.14164867351345217,0.14164867351345217,1
Indonesia,2019,[5441.9],[4994.4479999999985],0.08222348811995832,8.222348811995833,0.08222348811995832,0.08222348811995832,1
Indonesia,2020,[5680.4],[5192.974000000005],0.08580839377508537,8.580839377508537,0.08580839377508537,0.08580839377508537,1
Indonesia,2021,[5695.7],[5176.183000000004],0.09121214249345931,9.12121424934593,0.09121214249345931,0.09121214249345931,1
Indonesia,2022,[5793.6],[5380.592000000005],0.0712869373101345,7.12869373101345,0.0712869373101345,0.0712869373101345,1
Guinea,1987,[1000.0],[1093.404000000002],0.09340400000000204,9.340400000000205,0.09340400000000204,-0.09340400000000204,3
Guinea,1988,[952.0],[1064.4680000000014],0.11813865546218638,11.813865546218638,0.11813865546218638,-0.11813865546218638,3
Guinea,1989,[984.5],[1046.6470000000008],0.06312544438801508,6.312544438801508,0.06312544438801508,-0.06312544438801508,3
Guinea,1990,[1017.9],[1002.6940000000004],0.014938599076529682,1.4938599076529682,0.014938599076529682,0.014938599076529682,3
Guinea,1991,[1052.7],[1027.7600000000004],0.023691460055096036,2.3691460055096036,0.023691460055096036,0.023691460055096036,3
Guinea,1992,[1088.5],[1057.1500000000005],0.02880110243454245,2.880110243454245,0.02880110243454245,0.02880110243454245,3
Guinea,1993,[1125.5],[1015.78],0.09748556197245671,9.748556197245671,0.09748556197245671,0.09748556197245671,3
Guinea,1994,[1163.9],[1035.285],0.11050347968038492,11.050347968038492,0.11050347968038492,0.11050347968038492,3
Guinea,1995,[1203.6],[1067.6299999999997],0.11296942505815907,11.296942505815908,0.11296942505815907,0.11296942505815907,3
Guinea,1996,[1244.6],[1076.5219999999995],0.1350457978466981,13.50457978466981,0.1350457978466981,0.1350457978466981,3
Guinea,1997,[1287.0],[1141.3620000000008],0.11316083916083856,11.316083916083857,0.11316083916083856,0.11316083916083856,3
Guinea,1998,[1330.8],[1187.7160000000001],0.10751728283739093,10.751728283739093,0.10751728283739093,0.10751728283739093,3
Guinea,1999,[1376.1],[1217.036000000001],0.11559043674151512,11.559043674151512,0.11559043674151512,0.11559043674151512,3
Guinea,2000,[1423.0],[1229.746000000001],0.13580744905129938,13.580744905129938,0.13580744905129938,0.13580744905129938,3
Guinea,2001,[1443.0],[1287.8420000000015],0.10752460152460051,10.752460152460051,0.10752460152460051,0.10752460152460051,3
Guinea,2002,[1466.4],[1347.4390000000008],0.08112452264047963,8.112452264047963,0.08112452264047963,0.08112452264047963,3
Guinea,2003,[1490.1],[1381.317],0.07300382524662768,7.300382524662768,0.07300382524662768,0.07300382524662768,3
Guinea,2004,[1514.3],[1307.0719999999994],0.13684738823218684,13.684738823218684,0.13684738823218684,0.13684738823218684,3
Guinea,2005,[1538.8],[1376.346000000001],0.10557187418767809,10.557187418767809,0.10557187418767809,0.10557187418767809,3
Guinea,2006,[1563.7],[1431.0870000000014],0.08480718807955406,8.480718807955407,0.08480718807955406,0.08480718807955406,3
Guinea,2007,[1589.1],[1471.8239999999998],0.07380026430054752,7.380026430054752,0.07380026430054752,0.07380026430054752,3
Guinea,2008,[1079.3],[1468.8010000000008],0.3608829797090715,36.08829797090715,0.3608829797090715,-0.3608829797090715,3
Guinea,2009,[1631.8],[1457.3930000000007],0.10688013236916243,10.688013236916243,0.10688013236916243,0.10688013236916243,3
Guinea,2010,[1631.3],[1514.5920000000008],0.07154294121252938,7.1542941212529385,0.07154294121252938,0.07154294121252938,3
Guinea,2011,[1658.4],[1542.1350000000002],0.07010672937771338,7.010672937771338,0.07010672937771338,0.07010672937771338,3
Guinea,2012,[1220.0],[1481.5449999999992],0.21438114754098292,21.438114754098294,0.21438114754098292,-0.21438114754098292,3
Guinea,2013,[1250.0],[1567.3529999999994],0.2538823999999995,25.38823999999995,0.2538823999999995,-0.2538823999999995,3
Guinea,2014,[1232.3],[1453.0449999999996],0.17913251643268657,17.91325164326866,0.17913251643268657,-0.17913251643268657,3
Guinea,2015,[1250.3],[1339.415],0.07127489402543391,7.127489402543391,0.07127489402543391,-0.07127489402543391,3
Guinea,2016,[1226.5],[1306.0860000000011],0.06488870770485214,6.488870770485214,0.06488870770485214,-0.06488870770485214,3
Guinea,2017,[1350.0],[1264.9140000000011],0.06302666666666583,6.302666666666583,0.06302666666666583,0.06302666666666583,3
Guinea,2018,[1338.6],[1396.451000000001],0.04321754071417976,4.321754071417976,0.04321754071417976,-0.04321754071417976,3
Guinea,2019,[1450.0],[1277.996000000001],0.11862344827586138,11.862344827586139,0.11862344827586138,0.11862344827586138,3
Guinea,2020,[1420.0],[1343.0990000000008],0.05415563380281631,5.415563380281631,0.05415563380281631,0.05415563380281631,3
Guinea,2021,[1450.0],[1374.9240000000002],0.05177655172413779,5.177655172413779,0.05177655172413779,0.05177655172413779,3
Guinea,2022,[1500.0],[1386.326000000001],0.07578266666666604,7.578266666666604,0.07578266666666604,0.07578266666666604,3
Benin,1987,[707.5],[854.7750000000001],0.20816254416961144,20.816254416961144,0.20816254416961144,-0.20816254416961144,3
Benin,1988,[871.2],[816.9960000000003],0.06221763085399417,6.221763085399417,0.06221763085399417,0.06221763085399417,3
Benin,1989,[885.3],[833.9840000000003],0.05796453179713057,5.7964531797130565,0.05796453179713057,0.05796453179713057,3
Benin,1990,[895.4],[840.7910000000006],0.06098838507929345,6.0988385079293455,0.06098838507929345,0.06098838507929345,3
Benin,1991,[928.1],[864.6930000000002],0.06831914664368044,6.831914664368044,0.06831914664368044,0.06831914664368044,3
Benin,1992,[977.1],[862.1489999999997],0.11764507215228776,11.764507215228775,0.11764507215228776,0.11764507215228776,3
Benin,1993,[977.8],[894.597],0.08509204336265083,8.509204336265084,0.08509204336265083,0.08509204336265083,3
Benin,1994,[1022.8],[949.9880000000009],0.07118889323425802,7.118889323425802,0.07118889323425802,0.07118889323425802,3
Benin,1995,[1173.7],[959.1050000000013],0.18283632955610357,18.283632955610358,0.18283632955610357,0.18283632955610357,3
Benin,1996,[1081.8],[1084.261999999999],0.002275836568680976,0.2275836568680976,0.002275836568680976,-0.002275836568680976,3
Benin,1997,[1202.0],[1096.1840000000004],0.08803327787021595,8.803327787021594,0.08803327787021595,0.08803327787021595,3
Benin,1998,[1114.3],[1108.0000000000005],0.00565377366956789,0.565377366956789,0.00565377366956789,0.00565377366956789,3
Benin,1999,[1251.8],[1108.719],0.11430020770091062,11.430020770091062,0.11430020770091062,0.11430020770091062,3
Benin,2000,[1148.1],[1061.873000000001],0.07510408501001564,7.510408501001564,0.07510408501001564,0.07510408501001564,3
Benin,2001,[1100.2],[1112.5870000000011],0.01125886202508733,1.1258862025087328,0.01125886202508733,-0.01125886202508733,3
Benin,2002,[1164.4],[1123.3600000000004],0.03524562006183419,3.524562006183419,0.03524562006183419,0.03524562006183419,3
Benin,2003,[1189.9],[1128.7240000000008],0.05141272375829838,5.141272375829838,0.05141272375829838,0.05141272375829838,3
Benin,2004,[1179.0],[1147.7459999999999],0.026508905852417414,2.6508905852417413,0.026508905852417414,0.026508905852417414,3
Benin,2005,[1144.7],[1139.6669999999995],0.004396785183891486,0.43967851838914856,0.004396785183891486,0.004396785183891486,3
Benin,2006,[1227.3],[1108.6439999999993],0.09668051821070694,9.668051821070694,0.09668051821070694,0.09668051821070694,3
Benin,2007,[1334.4],[1140.5049999999997],0.14530500599520416,14.530500599520416,0.14530500599520416,0.14530500599520416,3
Benin,2008,[1127.9],[1223.2279999999992],0.08451813103998498,8.451813103998498,0.08451813103998498,-0.08451813103998498,3
Benin,2009,[1397.7],[1192.870999999999],0.14654718466051447,14.654718466051447,0.14654718466051447,0.14654718466051447,3
Benin,2010,[1102.8],[1276.7599999999986],0.15774392455567526,15.774392455567526,0.15774392455567526,-0.15774392455567526,3
Benin,2011,[1421.6],[1287.7449999999988],0.09415799099606159,9.41579909960616,0.09415799099606159,0.09415799099606159,3
Benin,2012,[1262.2],[1201.0849999999998],0.04841942639835227,4.841942639835227,0.04841942639835227,0.04841942639835227,3
Benin,2013,[1308.4],[1204.8979999999997],0.07910577804952644,7.910577804952644,0.07910577804952644,0.07910577804952644,3
Benin,2014,[1399.1],[1302.222999999999],0.06924237009506173,6.924237009506173,0.06924237009506173,0.06924237009506173,3
Benin,2015,[1281.3],[1372.1810000000007],0.07092874424412766,7.092874424412766,0.07092874424412766,-0.07092874424412766,3
Benin,2016,[1376.2],[1300.3569999999993],0.05511044906263679,5.511044906263679,0.05511044906263679,0.05511044906263679,3
Benin,2017,[1321.5],[1283.291999999999],0.028912599318956483,2.8912599318956484,0.028912599318956483,0.028912599318956483,3
Benin,2018,[1304.0],[1297.4039999999989],0.005058282208589832,0.5058282208589832,0.005058282208589832,0.005058282208589832,3
Benin,2019,[1075.2],[1290.7619999999995],0.20048549107142805,20.048549107142804,0.20048549107142805,-0.20048549107142805,3
Benin,2020,[1271.8],[1264.5019999999993],0.005738323635792329,0.573832363579233,0.005738323635792329,0.005738323635792329,3
Benin,2021,[1206.4],[1322.174],0.09596651193633943,9.596651193633942,0.09596651193633943,-0.09596651193633943,3
Benin,2022,[1164.3],[1268.713],0.08967877694752213,8.967877694752213,0.08967877694752213,-0.08967877694752213,3
Eswatini,1987,[1238.5],[1727.2480000000005],0.3946289866774328,39.46289866774328,0.3946289866774328,-0.3946289866774328,6
Eswatini,1988,[1287.0],[1550.2640000000001],0.20455633255633265,20.455633255633266,0.20455633255633265,-0.20455633255633265,6
Eswatini,1989,[1018.8],[1443.5780000000002],0.416939536709855,41.6939536709855,0.416939536709855,-0.416939536709855,6
Eswatini,1990,[1240.3],[1362.583],0.09859146980569228,9.859146980569228,0.09859146980569228,-0.09859146980569228,6
Eswatini,1991,[1010.5],[1238.3200000000006],0.22545274616526534,22.545274616526534,0.22545274616526534,-0.22545274616526534,6
Eswatini,1992,[1543.5],[1230.1490000000001],0.20301328150307735,20.301328150307736,0.20301328150307735,0.20301328150307735,6
Eswatini,1993,[1378.5],[1334.641],0.031816467174464944,3.1816467174464944,0.031816467174464944,0.031816467174464944,6
Eswatini,1994,[1273.3],[1378.894],0.08292939605748846,8.292939605748845,0.08292939605748846,-0.08292939605748846,6
Eswatini,1995,[2206.5],[1519.349],0.31142125538182647,31.142125538182647,0.31142125538182647,0.31142125538182647,6
Eswatini,1996,[1776.6],[1512.6810000000003],0.14855285376561952,14.855285376561952,0.14855285376561952,0.14855285376561952,6
Eswatini,1997,[1921.8],[1772.415000000001],0.07773181392444524,7.773181392444524,0.07773181392444524,0.07773181392444524,6
Eswatini,1998,[1917.8],[1648.7740000000008],0.14027844405047407,14.027844405047407,0.14027844405047407,0.14027844405047407,6
Eswatini,1999,[1645.6],[1889.3919999999991],0.1481477880408357,14.81477880408357,0.1481477880408357,-0.1481477880408357,6
Eswatini,2000,[1645.6],[1788.2890000000014],0.08670940690325805,8.670940690325805,0.08670940690325805,-0.08670940690325805,6
Eswatini,2001,[1426.7],[1764.6610000000012],0.23688301675194584,23.688301675194584,0.23688301675194584,-0.23688301675194584,6
Eswatini,2002,[996.2],[1339.1010000000006],0.3442089941778764,34.420899417787645,0.3442089941778764,-0.3442089941778764,6
Eswatini,2003,[1023.5],[1333.193],0.3025823155837811,30.258231558378114,0.3025823155837811,-0.3025823155837811,6
Eswatini,2004,[1250.0],[1683.7470000000012],0.34699760000000096,34.6997600000001,0.34699760000000096,-0.34699760000000096,6
Eswatini,2005,[1321.0],[1303.0700000000002],0.013573050719152033,1.3573050719152033,0.013573050719152033,0.013573050719152033,6
Eswatini,2006,[1429.1],[1512.6840000000004],0.05848715975089253,5.848715975089253,0.05848715975089253,-0.05848715975089253,6
Eswatini,2007,[552.0],[1378.9800000000005],1.4981521739130443,149.81521739130443,1.4981521739130443,-1.4981521739130443,6
Eswatini,2008,[994.3],[1545.6860000000006],0.5545469174293479,55.45469174293479,0.5545469174293479,-0.5545469174293479,6
Eswatini,2009,[1286.9],[1480.277000000001],0.15026575491491245,15.026575491491245,0.15026575491491245,-0.15026575491491245,6
Eswatini,2010,[1204.0],[1368.722000000001],0.13681229235880474,13.681229235880474,0.13681229235880474,-0.13681229235880474,6
Eswatini,2011,[1345.2],[1388.3520000000003],0.03207850133809119,3.207850133809119,0.03207850133809119,-0.03207850133809119,6
Eswatini,2012,[1337.5],[1111.858],0.1687042990654206,16.870429906542057,0.1687042990654206,0.1687042990654206,6
Eswatini,2013,[1370.2],[1346.1590000000003],0.017545613779010153,1.7545613779010154,0.017545613779010153,0.017545613779010153,6
Eswatini,2014,[1365.2],[1478.8559999999995],0.08325227072956307,8.325227072956306,0.08325227072956307,-0.08325227072956307,6
Eswatini,2015,[1260.8],[817.207],0.3518345494923858,35.18345494923858,0.3518345494923858,0.3518345494923858,6
Eswatini,2016,[1224.8],[1289.1160000000007],0.052511430437623054,5.251143043762306,0.052511430437623054,-0.052511430437623054,6
Eswatini,2017,[1238.7],[1276.106000000001],0.030197788003552804,3.0197788003552803,0.030197788003552804,-0.030197788003552804,6
Eswatini,2018,[1268.9],[1420.503],0.11947592402868613,11.947592402868613,0.11947592402868613,-0.11947592402868613,6
Eswatini,2019,[1279.7],[1325.0859999999998],0.03546612487301691,3.546612487301691,0.03546612487301691,-0.03546612487301691,6
Eswatini,2020,[1279.4],[1315.9279999999987],0.028550883226511375,2.8550883226511377,0.028550883226511375,-0.028550883226511375,6
Eswatini,2021,[1428.6],[1303.813999999999],0.08734845303094006,8.734845303094007,0.08734845303094006,0.08734845303094006,6
Eswatini,2022,[1587.5],[1347.033],0.15147527559055124,15.147527559055124,0.15147527559055124,0.15147527559055124,6
Zimbabwe,1987,[917.3],[1574.3870000000006],0.716327264798867,71.6327264798867,0.716327264798867,-0.716327264798867,6
Zimbabwe,1988,[1806.6],[1720.249999999999],0.04779696667773764,4.779696667773764,0.04779696667773764,0.04779696667773764,6
Zimbabwe,1989,[1707.9],[1550.8950000000011],0.09192868434920017,9.192868434920017,0.09192868434920017,0.09192868434920017,6
Zimbabwe,1990,[1720.6],[1582.247000000001],0.08040974078809655,8.040974078809656,0.08040974078809655,0.08040974078809655,6
Zimbabwe,1991,[1440.0],[1411.6490000000017],0.01968819444444326,1.9688194444443259,0.01968819444444326,0.01968819444444326,6
Zimbabwe,1992,[410.8],[1129.5610000000013],1.7496616358325252,174.96616358325252,1.7496616358325252,-1.7496616358325252,6
Zimbabwe,1993,[1652.6],[1668.213000000001],0.009447537214087616,0.9447537214087617,0.009447537214087616,-0.009447537214087616,6
Zimbabwe,1994,[1213.3],[907.2970000000014],0.25220720349460035,25.220720349460034,0.25220720349460035,0.25220720349460035,6
Zimbabwe,1995,[594.9],[890.3040000000015],0.4965607665153832,49.65607665153832,0.4965607665153832,-0.4965607665153832,6
Zimbabwe,1996,[1415.0],[1731.3050000000012],0.2235371024734991,22.35371024734991,0.2235371024734991,-0.2235371024734991,6
Zimbabwe,1997,[1104.3],[1582.5040000000001],0.43303812369827055,43.30381236982706,0.43303812369827055,-0.43303812369827055,6
Zimbabwe,1998,[1012.5],[1425.2220000000004],0.4076266666666671,40.76266666666671,0.4076266666666671,-0.4076266666666671,6
Zimbabwe,1999,[1087.0],[1325.345000000001],0.21926862925483068,21.926862925483068,0.21926862925483068,-0.21926862925483068,6
Zimbabwe,2000,[1179.5],[1330.9840000000002],0.12843069097075044,12.843069097075045,0.12843069097075044,-0.12843069097075044,6
Zimbabwe,2001,[1230.9],[1215.2250000000006],0.012734584450401737,1.2734584450401738,0.012734584450401737,0.012734584450401737,6
Zimbabwe,2002,[455.4],[1031.5180000000005],1.2650812472551616,126.50812472551615,1.2650812472551616,-1.2650812472551616,6
Zimbabwe,2003,[782.9],[1014.8990000000001],0.29633286498914313,29.633286498914313,0.29633286498914313,-0.29633286498914313,6
Zimbabwe,2004,[1296.5],[1263.8169999999998],0.025208638642499205,2.5208638642499204,0.025208638642499205,0.025208638642499205,6
Zimbabwe,2005,[619.5],[994.3290000000009],0.6050508474576285,60.50508474576285,0.6050508474576285,-0.6050508474576285,6
Zimbabwe,2006,[977.2],[1200.4580000000005],0.22846704871060222,22.846704871060222,0.22846704871060222,-0.22846704871060222,6
Zimbabwe,2007,[865.1],[1226.399],0.41763842330366413,41.763842330366415,0.41763842330366413,-0.41763842330366413,6
Zimbabwe,2008,[286.7],[1200.8110000000008],3.188388559469832,318.8388559469832,3.188388559469832,-3.188388559469832,6
Zimbabwe,2009,[464.2],[1092.1079999999997],1.3526669538991807,135.26669538991806,1.3526669538991807,-1.3526669538991807,6
Zimbabwe,2010,[875.1],[868.927],0.007054050965603933,0.7054050965603933,0.007054050965603933,0.007054050965603933,6
Zimbabwe,2011,[656.8],[643.2029999999988],0.020701887941536417,2.070188794153642,0.020701887941536417,0.020701887941536417,6
Zimbabwe,2012,[791.2],[596.6660000000004],0.24587209302325536,24.587209302325537,0.24587209302325536,0.24587209302325536,6
Zimbabwe,2013,[744.9],[766.8190000000001],0.029425426231709084,2.942542623170908,0.029425426231709084,-0.029425426231709084,6
Zimbabwe,2014,[930.1],[792.0260000000003],0.1484507042253518,14.845070422535182,0.1484507042253518,0.1484507042253518,6
Zimbabwe,2015,[580.3],[728.9270000000002],0.256120971911081,25.612097191108102,0.256120971911081,-0.256120971911081,6
Zimbabwe,2016,[440.5],[693.275],0.5738365493757094,57.38365493757094,0.5738365493757094,-0.5738365493757094,6
Zimbabwe,2017,[1393.3],[1046.102],0.24919112897437729,24.919112897437728,0.24919112897437729,0.24919112897437729,6
Zimbabwe,2018,[1350.6],[740.0250000000003],0.45207685473123027,45.20768547312303,0.45207685473123027,0.45207685473123027,6
Zimbabwe,2019,[780.7],[659.2630000000004],0.15554886640194654,15.554886640194654,0.15554886640194654,0.15554886640194654,6
Zimbabwe,2020,[1180.1],[858.8180000000007],0.27224980933819104,27.224980933819104,0.27224980933819104,0.27224980933819104,6
Zimbabwe,2021,[1534.4],[1175.6660000000013],0.23379431699687095,23.379431699687096,0.23379431699687095,0.23379431699687095,6
Zimbabwe,2022,[1500.0],[1035.0210000000002],0.3099859999999999,30.99859999999999,0.3099859999999999,0.3099859999999999,6
